[{"model": "contenttypes.contenttype", "pk": 1, "fields": {"app_label": "admin", "model": "logentry"}}, {"model": "contenttypes.contenttype", "pk": 2, "fields": {"app_label": "auth", "model": "permission"}}, {"model": "contenttypes.contenttype", "pk": 3, "fields": {"app_label": "auth", "model": "group"}}, {"model": "contenttypes.contenttype", "pk": 4, "fields": {"app_label": "contenttypes", "model": "contenttype"}}, {"model": "contenttypes.contenttype", "pk": 5, "fields": {"app_label": "sessions", "model": "session"}}, {"model": "contenttypes.contenttype", "pk": 6, "fields": {"app_label": "sites", "model": "site"}}, {"model": "contenttypes.contenttype", "pk": 7, "fields": {"app_label": "bitcoin_crypto", "model": "transaction"}}, {"model": "contenttypes.contenttype", "pk": 8, "fields": {"app_label": "bitcoin_crypto", "model": "wallet"}}, {"model": "contenttypes.contenttype", "pk": 9, "fields": {"app_label": "bitcoin_crypto", "model": "walletaddress"}}, {"model": "contenttypes.contenttype", "pk": 10, "fields": {"app_label": "bitcoin_crypto", "model": "pendingtransactions"}}, {"model": "contenttypes.contenttype", "pk": 11, "fields": {"app_label": "bitcoin_crypto", "model": "vaultwallet"}}, {"model": "contenttypes.contenttype", "pk": 12, "fields": {"app_label": "bitcoin_crypto", "model": "vaulttransaction"}}, {"model": "contenttypes.contenttype", "pk": 13, "fields": {"app_label": "bitcoin_crypto", "model": "minimuncoin"}}, {"model": "contenttypes.contenttype", "pk": 14, "fields": {"app_label": "bitcoin_crypto", "model": "watchonlyaddress"}}, {"model": "contenttypes.contenttype", "pk": 15, "fields": {"app_label": "bitcoin_crypto", "model": "exchangetaxrates"}}, {"model": "contenttypes.contenttype", "pk": 16, "fields": {"app_label": "bitcoin_crypto", "model": "orderbook"}}, {"model": "contenttypes.contenttype", "pk": 17, "fields": {"app_label": "bitcoin_crypto", "model": "sgdwallet"}}, {"model": "contenttypes.contenttype", "pk": 18, "fields": {"app_label": "bitcoin_crypto", "model": "notification"}}, {"model": "contenttypes.contenttype", "pk": 19, "fields": {"app_label": "bitcoin_crypto", "model": "notificationuser"}}, {"model": "contenttypes.contenttype", "pk": 20, "fields": {"app_label": "bitcoin_crypto", "model": "transactiontracker"}}, {"model": "contenttypes.contenttype", "pk": 21, "fields": {"app_label": "bitcoin_crypto", "model": "ordermatchinghistory"}}, {"model": "contenttypes.contenttype", "pk": 22, "fields": {"app_label": "authentication", "model": "user"}}, {"model": "contenttypes.contenttype", "pk": 23, "fields": {"app_label": "authentication", "model": "accesslog"}}, {"model": "contenttypes.contenttype", "pk": 24, "fields": {"app_label": "authentication", "model": "kycupload"}}, {"model": "contenttypes.contenttype", "pk": 25, "fields": {"app_label": "authentication", "model": "addressproof"}}, {"model": "contenttypes.contenttype", "pk": 26, "fields": {"app_label": "authentication", "model": "profile"}}, {"model": "contenttypes.contenttype", "pk": 27, "fields": {"app_label": "authentication", "model": "previouspassword"}}, {"model": "contenttypes.contenttype", "pk": 28, "fields": {"app_label": "authentication", "model": "bankaccount"}}, {"model": "contenttypes.contenttype", "pk": 29, "fields": {"app_label": "authentication", "model": "complaintsandrequest"}}, {"model": "contenttypes.contenttype", "pk": 30, "fields": {"app_label": "fees", "model": "miningfees"}}, {"model": "contenttypes.contenttype", "pk": 31, "fields": {"app_label": "fees", "model": "transactionfee"}}, {"model": "contenttypes.contenttype", "pk": 32, "fields": {"app_label": "fees", "model": "transactionfeerange"}}, {"model": "contenttypes.contenttype", "pk": 33, "fields": {"app_label": "bitcoin_crypto", "model": "cryptocurrency"}}, {"model": "contenttypes.contenttype", "pk": 34, "fields": {"app_label": "bitcoin_crypto", "model": "fiat"}}, {"model": "contenttypes.contenttype", "pk": 35, "fields": {"app_label": "bitcoin_crypto", "model": "confirmfiattransaction"}}, {"model": "contenttypes.contenttype", "pk": 36, "fields": {"app_label": "authentication", "model": "paypalaccount"}}, {"model": "contenttypes.contenttype", "pk": 37, "fields": {"app_label": "bitcoin_crypto", "model": "confirmcrytporequest"}}, {"model": "contenttypes.contenttype", "pk": 38, "fields": {"app_label": "bitcoin_crypto", "model": "ordercovertransaction"}}, {"model": "contenttypes.contenttype", "pk": 39, "fields": {"app_label": "authentication", "model": "wechataccount"}}, {"model": "contenttypes.contenttype", "pk": 40, "fields": {"app_label": "authentication", "model": "alipayaccount"}}, {"model": "contenttypes.contenttype", "pk": 41, "fields": {"app_label": "bitcoin_crypto", "model": "marketlimit"}}, {"model": "sessions.session", "pk": "0nd3dvoom06jharw9cunkihp38vqlj1a", "fields": {"session_data": "YTA0MTA2YTk3MDcxZDk4MDVhYTllYzc1YTA2YmRlMzIxOGZkNzU1MDp7ImJhc2VfcGFpciI6IlRYQ0giLCJ0b19wYWlyIjoiVVNEIiwiaXNfb3RjIjoxfQ==", "expire_date": "2019-04-13T03:44:58.130Z"}}, {"model": "sessions.session", "pk": "0v5yw2wy2teayyyzlqp2o95pgwh5s9mj", "fields": {"session_data": "ODk4OTVmZWI4N2RkMWQ4ZjQ4MWY3ODdjZmMwMDYxODIxZWNhZGI0Mzp7Il9hdXRoX3VzZXJfaWQiOiIxIiwiX2F1dGhfdXNlcl9iYWNrZW5kIjoiZGphbmdvLmNvbnRyaWIuYXV0aC5iYWNrZW5kcy5Nb2RlbEJhY2tlbmQiLCJfYXV0aF91c2VyX2hhc2giOiI0MjE5NjhiNjExMzkzNjI3N2E2NTQxOWU3ZTlkMmRlMDk0ZjIzNTgyIn0=", "expire_date": "2018-11-29T03:54:30.200Z"}}, {"model": "sessions.session", "pk": "1a51om9l4a2z5u79heyeokm8vp0znsjg", "fields": {"session_data": "Y2Y3Yjc3YzRkZDVjMGE2ZGY5Y2NkZDFlODQzMDk5MDBjZWE1ZTBiNTp7ImJhc2VfcGFpciI6IkJUQyIsInRvX3BhaXIiOiJDTlkiLCJpc19vdGMiOjF9", "expire_date": "2019-06-19T07:08:46.981Z"}}, {"model": "sessions.session", "pk": "1hz3hul82yweaiznmds48za0i1sa1oja", "fields": {"session_data": "Y2Y3Yjc3YzRkZDVjMGE2ZGY5Y2NkZDFlODQzMDk5MDBjZWE1ZTBiNTp7ImJhc2VfcGFpciI6IkJUQyIsInRvX3BhaXIiOiJDTlkiLCJpc19vdGMiOjF9", "expire_date": "2019-06-19T01:38:13.077Z"}}, {"model": "sessions.session", "pk": "26b44f0cldx1cesep2tcpar1kiivjuqf", "fields": {"session_data": "Y2Y3Yjc3YzRkZDVjMGE2ZGY5Y2NkZDFlODQzMDk5MDBjZWE1ZTBiNTp7ImJhc2VfcGFpciI6IkJUQyIsInRvX3BhaXIiOiJDTlkiLCJpc19vdGMiOjF9", "expire_date": "2019-06-19T04:23:19.036Z"}}, {"model": "sessions.session", "pk": "2c59lis1je5wrbuh700opqlammq6hefv", "fields": {"session_data": "YTA0MTA2YTk3MDcxZDk4MDVhYTllYzc1YTA2YmRlMzIxOGZkNzU1MDp7ImJhc2VfcGFpciI6IlRYQ0giLCJ0b19wYWlyIjoiVVNEIiwiaXNfb3RjIjoxfQ==", "expire_date": "2019-04-04T15:42:05.161Z"}}, {"model": "sessions.session", "pk": "2f2y3xi3cqzk3ty6l3tisfgb2f9izej6", "fields": {"session_data": "NjdiNDk5MGY0MDAwZTQwYmEyNjE1ZTk4YTBkMzMzNmI3NjkzNjQ4Zjp7ImJhc2VfcGFpciI6IlRYQ0giLCJ0b19wYWlyIjoiQ05ZIiwiaXNfb3RjIjoxfQ==", "expire_date": "2019-06-19T05:33:57.764Z"}}, {"model": "sessions.session", "pk": "3k0oekoz5qk6m20d9yhiumkzhnspwqgs", "fields": {"session_data": "Y2Y3Yjc3YzRkZDVjMGE2ZGY5Y2NkZDFlODQzMDk5MDBjZWE1ZTBiNTp7ImJhc2VfcGFpciI6IkJUQyIsInRvX3BhaXIiOiJDTlkiLCJpc19vdGMiOjF9", "expire_date": "2019-06-18T21:41:50.202Z"}}, {"model": "sessions.session", "pk": "44mcnkcfsdb7f2xa4oregoi8pho8v9nj", "fields": {"session_data": "Y2Y3Yjc3YzRkZDVjMGE2ZGY5Y2NkZDFlODQzMDk5MDBjZWE1ZTBiNTp7ImJhc2VfcGFpciI6IkJUQyIsInRvX3BhaXIiOiJDTlkiLCJpc19vdGMiOjF9", "expire_date": "2019-06-19T01:08:20.986Z"}}, {"model": "sessions.session", "pk": "4gbt4okw8jjfhwtdw87no9gmrtnjk7u3", "fields": {"session_data": "Y2Y3Yjc3YzRkZDVjMGE2ZGY5Y2NkZDFlODQzMDk5MDBjZWE1ZTBiNTp7ImJhc2VfcGFpciI6IkJUQyIsInRvX3BhaXIiOiJDTlkiLCJpc19vdGMiOjF9", "expire_date": "2019-06-19T00:41:06.578Z"}}, {"model": "sessions.session", "pk": "5rqsas06x584v3lpnsbwta5dxromq5o2", "fields": {"session_data": "Y2Y3Yjc3YzRkZDVjMGE2ZGY5Y2NkZDFlODQzMDk5MDBjZWE1ZTBiNTp7ImJhc2VfcGFpciI6IkJUQyIsInRvX3BhaXIiOiJDTlkiLCJpc19vdGMiOjF9", "expire_date": "2019-06-18T21:42:51.857Z"}}, {"model": "sessions.session", "pk": "5sl5euy9vb18cdpz0ax4hsxsba8dhcp7", "fields": {"session_data": "NjdiNDk5MGY0MDAwZTQwYmEyNjE1ZTk4YTBkMzMzNmI3NjkzNjQ4Zjp7ImJhc2VfcGFpciI6IlRYQ0giLCJ0b19wYWlyIjoiQ05ZIiwiaXNfb3RjIjoxfQ==", "expire_date": "2019-06-19T12:46:40.715Z"}}, {"model": "sessions.session", "pk": "5xil4wggngsoixh8qdlejg5emxm6lnmo", "fields": {"session_data": "NjdiNDk5MGY0MDAwZTQwYmEyNjE1ZTk4YTBkMzMzNmI3NjkzNjQ4Zjp7ImJhc2VfcGFpciI6IlRYQ0giLCJ0b19wYWlyIjoiQ05ZIiwiaXNfb3RjIjoxfQ==", "expire_date": "2019-06-19T03:20:54.792Z"}}, {"model": "sessions.session", "pk": "5zauxx3bu3zz04d638k6izkkihfyc86n", "fields": {"session_data": "Y2Y3Yjc3YzRkZDVjMGE2ZGY5Y2NkZDFlODQzMDk5MDBjZWE1ZTBiNTp7ImJhc2VfcGFpciI6IkJUQyIsInRvX3BhaXIiOiJDTlkiLCJpc19vdGMiOjF9", "expire_date": "2019-06-19T00:01:46.048Z"}}, {"model": "sessions.session", "pk": "63gb50ounop0fx1pxxfwo2eywtgvwl8q", "fields": {"session_data": "NjdiNDk5MGY0MDAwZTQwYmEyNjE1ZTk4YTBkMzMzNmI3NjkzNjQ4Zjp7ImJhc2VfcGFpciI6IlRYQ0giLCJ0b19wYWlyIjoiQ05ZIiwiaXNfb3RjIjoxfQ==", "expire_date": "2019-06-18T16:47:06.030Z"}}, {"model": "sessions.session", "pk": "66hwezj1b1v28wi9yyy46un2uvt0gly5", "fields": {"session_data": "N2RiNDE2ODcwNGIxODE4NjRmYjlkZWU2NWI2ZmFlM2JmNDE2OWY2Yzp7Il9sYW5ndWFnZSI6ImVuLXVzIiwiX2F1dGhfdXNlcl9pZCI6IjEiLCJfYXV0aF91c2VyX2JhY2tlbmQiOiJkamFuZ28uY29udHJpYi5hdXRoLmJhY2tlbmRzLk1vZGVsQmFja2VuZCIsIl9hdXRoX3VzZXJfaGFzaCI6IjQyMTk2OGI2MTEzOTM2Mjc3YTY1NDE5ZTdlOWQyZGUwOTRmMjM1ODIiLCJiYXNlX3BhaXIiOiJUWENIIiwiaXNfb3RjIjowLCJ0b19wYWlyIjoiQlRDIn0=", "expire_date": "2019-02-16T07:22:41.609Z"}}, {"model": "sessions.session", "pk": "6dei7n4xzf53jwwgchjn0zqk2xamzxgg", "fields": {"session_data": "Y2Y3Yjc3YzRkZDVjMGE2ZGY5Y2NkZDFlODQzMDk5MDBjZWE1ZTBiNTp7ImJhc2VfcGFpciI6IkJUQyIsInRvX3BhaXIiOiJDTlkiLCJpc19vdGMiOjF9", "expire_date": "2019-06-19T02:35:07.126Z"}}, {"model": "sessions.session", "pk": "72l71osqpy75zowdtgc3s0fgkgy3hk3p", "fields": {"session_data": "NmI3YTVkZWMxZGVkZDYxYmFlNTM0NWM1YjliYjI4NzkyNTg4OWNkMzp7Il9hdXRoX3VzZXJfaWQiOiIyIiwiX2F1dGhfdXNlcl9iYWNrZW5kIjoiZGphbmdvLmNvbnRyaWIuYXV0aC5iYWNrZW5kcy5Nb2RlbEJhY2tlbmQiLCJfYXV0aF91c2VyX2hhc2giOiIxYTE0NmEzNDI5ZjdkNjc4MzcxNmNlZmFjZDU2ODZhMmI2NTdmMDgyIn0=", "expire_date": "2018-12-10T03:27:41.730Z"}}, {"model": "sessions.session", "pk": "79o8txahlezawvz8e2rz22kp9eqbqu9o", "fields": {"session_data": "Y2Y3Yjc3YzRkZDVjMGE2ZGY5Y2NkZDFlODQzMDk5MDBjZWE1ZTBiNTp7ImJhc2VfcGFpciI6IkJUQyIsInRvX3BhaXIiOiJDTlkiLCJpc19vdGMiOjF9", "expire_date": "2019-06-19T07:22:16.565Z"}}, {"model": "sessions.session", "pk": "7wrb67g2krlfqmpt79a4g85ebal170w5", "fields": {"session_data": "Y2Y3Yjc3YzRkZDVjMGE2ZGY5Y2NkZDFlODQzMDk5MDBjZWE1ZTBiNTp7ImJhc2VfcGFpciI6IkJUQyIsInRvX3BhaXIiOiJDTlkiLCJpc19vdGMiOjF9", "expire_date": "2019-06-19T11:24:56.146Z"}}, {"model": "sessions.session", "pk": "804cmsihil34ewj9p6wsrfdpsf5nerq7", "fields": {"session_data": "ZmRhMDE1MzhkYjhkMTM5ZTM4YzMyZjdiM2I4MzFlYmY4ZjExNTdjNzp7ImJhc2VfcGFpciI6IlRYQ0giLCJ0b19wYWlyIjoiQ05ZIiwiaXNfb3RjIjoxLCJfYXV0aF91c2VyX2lkIjoiMzUiLCJfYXV0aF91c2VyX2JhY2tlbmQiOiJkamFuZ28uY29udHJpYi5hdXRoLmJhY2tlbmRzLk1vZGVsQmFja2VuZCIsIl9hdXRoX3VzZXJfaGFzaCI6IjM2YTI2MDhiZjIyN2M3OGE4YmMzZGQyZjg2NzZmYTJlODViYjNiOTEifQ==", "expire_date": "2019-06-25T13:34:32.569Z"}}, {"model": "sessions.session", "pk": "861ckqqwtwfgh0rmuznsrq7n9i4eo54r", "fields": {"session_data": "NWRmNjVlODM5MTYzZmE5ODY1MDgzNmRkOTdhNGIwNWVmMzNmMGFmYzp7ImJhc2VfcGFpciI6IkJUQyIsInRvX3BhaXIiOiJUWENIIiwiaXNfb3RjIjowLCJfYXV0aF91c2VyX2lkIjoiMjAiLCJfYXV0aF91c2VyX2JhY2tlbmQiOiJkamFuZ28uY29udHJpYi5hdXRoLmJhY2tlbmRzLk1vZGVsQmFja2VuZCIsIl9hdXRoX3VzZXJfaGFzaCI6IjQ2NzRiOWY1YWUzMmJkMDk2ZTU4NzYwOWVkMTljYmVmOTFjMTY4MmMifQ==", "expire_date": "2019-06-05T03:20:28.936Z"}}, {"model": "sessions.session", "pk": "8ibec5t57v6jaes7n32v7fzr98g9jt2n", "fields": {"session_data": "ODk4OTVmZWI4N2RkMWQ4ZjQ4MWY3ODdjZmMwMDYxODIxZWNhZGI0Mzp7Il9hdXRoX3VzZXJfaWQiOiIxIiwiX2F1dGhfdXNlcl9iYWNrZW5kIjoiZGphbmdvLmNvbnRyaWIuYXV0aC5iYWNrZW5kcy5Nb2RlbEJhY2tlbmQiLCJfYXV0aF91c2VyX2hhc2giOiI0MjE5NjhiNjExMzkzNjI3N2E2NTQxOWU3ZTlkMmRlMDk0ZjIzNTgyIn0=", "expire_date": "2018-11-23T16:47:29.881Z"}}, {"model": "sessions.session", "pk": "8iqc511x50ldqib6i1g4hl1feq6woy29", "fields": {"session_data": "OTI1NGMwZjNjMzA1ZDNiNGE1ZGE0YTljNDkzNWQ4Y2RjYTQ5MDQ2Njp7Il9sYW5ndWFnZSI6InpoLWhhbnMiLCJiYXNlX3BhaXIiOiJCVEMiLCJ0b19wYWlyIjoiQ05ZIiwiaXNfb3RjIjoxfQ==", "expire_date": "2019-06-08T04:02:28.696Z"}}, {"model": "sessions.session", "pk": "9eelew3nnt6y5pugavngqavlgn35y6kz", "fields": {"session_data": "Y2Y3Yjc3YzRkZDVjMGE2ZGY5Y2NkZDFlODQzMDk5MDBjZWE1ZTBiNTp7ImJhc2VfcGFpciI6IkJUQyIsInRvX3BhaXIiOiJDTlkiLCJpc19vdGMiOjF9", "expire_date": "2019-06-18T23:46:06.571Z"}}, {"model": "sessions.session", "pk": "9zpx6rdjfm1ouwmhyc6kh3zag7t5dz5b", "fields": {"session_data": "Y2Y3Yjc3YzRkZDVjMGE2ZGY5Y2NkZDFlODQzMDk5MDBjZWE1ZTBiNTp7ImJhc2VfcGFpciI6IkJUQyIsInRvX3BhaXIiOiJDTlkiLCJpc19vdGMiOjF9", "expire_date": "2019-06-19T00:01:02.113Z"}}, {"model": "sessions.session", "pk": "au3wrtukur32kj0kvj6zq6kgnbh9cw9i", "fields": {"session_data": "Y2Y3Yjc3YzRkZDVjMGE2ZGY5Y2NkZDFlODQzMDk5MDBjZWE1ZTBiNTp7ImJhc2VfcGFpciI6IkJUQyIsInRvX3BhaXIiOiJDTlkiLCJpc19vdGMiOjF9", "expire_date": "2019-05-22T04:28:44.638Z"}}, {"model": "sessions.session", "pk": "bgeh4cpxq7cuyzo1hqn6ni1b8okzlf3o", "fields": {"session_data": "Y2Y3Yjc3YzRkZDVjMGE2ZGY5Y2NkZDFlODQzMDk5MDBjZWE1ZTBiNTp7ImJhc2VfcGFpciI6IkJUQyIsInRvX3BhaXIiOiJDTlkiLCJpc19vdGMiOjF9", "expire_date": "2019-06-18T14:18:51.167Z"}}, {"model": "sessions.session", "pk": "buke9hcjel74wbnigq0st5xhl4e0vdvf", "fields": {"session_data": "YjE5NTkyYzhlMzk2YTgyYzJiZGNhMzcwOTVlMGUzZjQ3NmY2ZDdmOTp7ImJhc2VfcGFpciI6IlRYQ0giLCJ0b19wYWlyIjoiVVNEIiwiaXNfb3RjIjoxLCJfYXV0aF91c2VyX2lkIjoiMiIsIl9hdXRoX3VzZXJfYmFja2VuZCI6ImRqYW5nby5jb250cmliLmF1dGguYmFja2VuZHMuTW9kZWxCYWNrZW5kIiwiX2F1dGhfdXNlcl9oYXNoIjoiMWExNDZhMzQyOWY3ZDY3ODM3MTZjZWZhY2Q1Njg2YTJiNjU3ZjA4MiJ9", "expire_date": "2019-05-27T02:42:31.920Z"}}, {"model": "sessions.session", "pk": "e622kdjvgv28ivbvzmq8j44fkxswae9y", "fields": {"session_data": "ZmQ1NTRmMTdlNDRmMDgxMTY0ODdjZmJjNjUxYTAzNjU4Mjc1YmZmZTp7Il9hdXRoX3VzZXJfaWQiOiIzIiwiX2F1dGhfdXNlcl9iYWNrZW5kIjoiZGphbmdvLmNvbnRyaWIuYXV0aC5iYWNrZW5kcy5Nb2RlbEJhY2tlbmQiLCJfYXV0aF91c2VyX2hhc2giOiJmY2FmOGM5MWMxYjU5ODhiOTk1NTBmOWMzYTJmZGIwYzllZTQ1OTY3IiwiYmFzZV9wYWlyIjoiQlRDIiwiX2xhbmd1YWdlIjoiemgtaGFucyJ9", "expire_date": "2019-01-26T02:34:36.873Z"}}, {"model": "sessions.session", "pk": "fllfwm5m809qfi81z8azv6nx02rhzed0", "fields": {"session_data": "NTk5NDJmOTVmZDJjZTI0N2MxOTcwNjVjOTE3ZTdhZjdkYTg4YWNlNDp7Il9hdXRoX3VzZXJfaWQiOiIxMCIsIl9hdXRoX3VzZXJfYmFja2VuZCI6ImRqYW5nby5jb250cmliLmF1dGguYmFja2VuZHMuTW9kZWxCYWNrZW5kIiwiX2F1dGhfdXNlcl9oYXNoIjoiOWNiNWQ5ZmJmZWE1OGMwNzRkNGM5MjgzYmUzNDZmYmQxYmUwZmMxNyIsImJhc2VfcGFpciI6IkJUQyJ9", "expire_date": "2019-04-03T03:32:58.987Z"}}, {"model": "sessions.session", "pk": "fuxd13pa2zsxmmawddah6ufnumnriexu", "fields": {"session_data": "Y2Y3Yjc3YzRkZDVjMGE2ZGY5Y2NkZDFlODQzMDk5MDBjZWE1ZTBiNTp7ImJhc2VfcGFpciI6IkJUQyIsInRvX3BhaXIiOiJDTlkiLCJpc19vdGMiOjF9", "expire_date": "2019-06-19T03:52:01.342Z"}}, {"model": "sessions.session", "pk": "fwt2miixfveq44bh5k5odw1gzis1yko2", "fields": {"session_data": "NjQzMzAzMzZkNDYyNjkyNmJiNDcyNWUxZmRlYTIyN2YwOTVmZDI0NDp7Il9sYW5ndWFnZSI6ImVuLXVzIiwiYmFzZV9wYWlyIjoiVFhDSCIsInRvX3BhaXIiOiJUWENIIiwiaXNfb3RjIjowLCJfYXV0aF91c2VyX2lkIjoiMzYiLCJfYXV0aF91c2VyX2JhY2tlbmQiOiJkamFuZ28uY29udHJpYi5hdXRoLmJhY2tlbmRzLk1vZGVsQmFja2VuZCIsIl9hdXRoX3VzZXJfaGFzaCI6ImE3YTY4ZDFkN2I0MTJiZDU3MWFjMWRkOWU3ZmYwNGMyNmQyMjliNTcifQ==", "expire_date": "2019-06-19T12:59:53.100Z"}}, {"model": "sessions.session", "pk": "gittu04kgfu52o28wcayx8mxvsseb9rc", "fields": {"session_data": "Y2Y3Yjc3YzRkZDVjMGE2ZGY5Y2NkZDFlODQzMDk5MDBjZWE1ZTBiNTp7ImJhc2VfcGFpciI6IkJUQyIsInRvX3BhaXIiOiJDTlkiLCJpc19vdGMiOjF9", "expire_date": "2019-06-19T02:31:44.567Z"}}, {"model": "sessions.session", "pk": "grn0y5jxe6mgaq9055una4hdm69d1zlq", "fields": {"session_data": "YjI5NzA5ZjMyMmY5YTAyOGJlOGVmYmYzYzIzODNkMGI0ODQ0YjVlYTp7Il9hdXRoX3VzZXJfaWQiOiIzIiwiX2F1dGhfdXNlcl9iYWNrZW5kIjoiZGphbmdvLmNvbnRyaWIuYXV0aC5iYWNrZW5kcy5Nb2RlbEJhY2tlbmQiLCJfYXV0aF91c2VyX2hhc2giOiJmY2FmOGM5MWMxYjU5ODhiOTk1NTBmOWMzYTJmZGIwYzllZTQ1OTY3In0=", "expire_date": "2018-12-01T04:18:24.034Z"}}, {"model": "sessions.session", "pk": "h5gpos14duxtj0dds7oo2t4h0g4cg6cz", "fields": {"session_data": "ZTJmMTYwZGQ2MzA0ZTZmZTM4OGJjMDI0MjFkMGZmZWYxMzQyZTVjNjp7Il9hdXRoX3VzZXJfaWQiOiIxIiwiX2F1dGhfdXNlcl9iYWNrZW5kIjoiZGphbmdvLmNvbnRyaWIuYXV0aC5iYWNrZW5kcy5Nb2RlbEJhY2tlbmQiLCJfYXV0aF91c2VyX2hhc2giOiI0MjE5NjhiNjExMzkzNjI3N2E2NTQxOWU3ZTlkMmRlMDk0ZjIzNTgyIiwiYmFzZV9wYWlyIjoiVFhDSCIsInRvX3BhaXIiOiJVU0QiLCJpc19vdGMiOjF9", "expire_date": "2019-04-12T09:15:26.266Z"}}, {"model": "sessions.session", "pk": "h91pm1g87gwv8ll5hg19ufgwgjo5l44t", "fields": {"session_data": "MDQ1OThlODU5MTAwMWU1N2RlNWQwYjI3YjhjOWNhMWM1NTllMDcxMTp7Il9sYW5ndWFnZSI6ImVuLXVzIiwiX2F1dGhfdXNlcl9pZCI6IjE2IiwiX2F1dGhfdXNlcl9iYWNrZW5kIjoiZGphbmdvLmNvbnRyaWIuYXV0aC5iYWNrZW5kcy5Nb2RlbEJhY2tlbmQiLCJfYXV0aF91c2VyX2hhc2giOiI4NGM2ODU0Y2M5MjY4OWQ3YmU2MjgyNGJiNGYwOTdjNTNjOGZhZDFmIiwiYmFzZV9wYWlyIjoiQlRDIiwidG9fcGFpciI6IkNOWSIsImlzX290YyI6MX0=", "expire_date": "2019-04-05T03:36:30.223Z"}}, {"model": "sessions.session", "pk": "hba8ng64up2pp0ugete24udjue2ky5r5", "fields": {"session_data": "Y2Y3Yjc3YzRkZDVjMGE2ZGY5Y2NkZDFlODQzMDk5MDBjZWE1ZTBiNTp7ImJhc2VfcGFpciI6IkJUQyIsInRvX3BhaXIiOiJDTlkiLCJpc19vdGMiOjF9", "expire_date": "2019-06-18T21:41:48.445Z"}}, {"model": "sessions.session", "pk": "hjgjje6i04oiky5qsjiq5ulm8x36jj48", "fields": {"session_data": "Y2Y3Yjc3YzRkZDVjMGE2ZGY5Y2NkZDFlODQzMDk5MDBjZWE1ZTBiNTp7ImJhc2VfcGFpciI6IkJUQyIsInRvX3BhaXIiOiJDTlkiLCJpc19vdGMiOjF9", "expire_date": "2019-06-19T04:42:11.530Z"}}, {"model": "sessions.session", "pk": "hni9bys1mlnmyivkrlc7ae1y5hkmyl48", "fields": {"session_data": "YTA0MTA2YTk3MDcxZDk4MDVhYTllYzc1YTA2YmRlMzIxOGZkNzU1MDp7ImJhc2VfcGFpciI6IlRYQ0giLCJ0b19wYWlyIjoiVVNEIiwiaXNfb3RjIjoxfQ==", "expire_date": "2019-04-04T15:50:52.815Z"}}, {"model": "sessions.session", "pk": "hufuyglxhr7rgbwved95hd2qx9u7u8fn", "fields": {"session_data": "ODk4OTVmZWI4N2RkMWQ4ZjQ4MWY3ODdjZmMwMDYxODIxZWNhZGI0Mzp7Il9hdXRoX3VzZXJfaWQiOiIxIiwiX2F1dGhfdXNlcl9iYWNrZW5kIjoiZGphbmdvLmNvbnRyaWIuYXV0aC5iYWNrZW5kcy5Nb2RlbEJhY2tlbmQiLCJfYXV0aF91c2VyX2hhc2giOiI0MjE5NjhiNjExMzkzNjI3N2E2NTQxOWU3ZTlkMmRlMDk0ZjIzNTgyIn0=", "expire_date": "2018-11-23T16:58:25.099Z"}}, {"model": "sessions.session", "pk": "ioux7ebqugqdib0ny4z04hsvrygfgagf", "fields": {"session_data": "NjdiNDk5MGY0MDAwZTQwYmEyNjE1ZTk4YTBkMzMzNmI3NjkzNjQ4Zjp7ImJhc2VfcGFpciI6IlRYQ0giLCJ0b19wYWlyIjoiQ05ZIiwiaXNfb3RjIjoxfQ==", "expire_date": "2019-06-19T05:33:55.600Z"}}, {"model": "sessions.session", "pk": "iztw2b2b84bujp4c2x2lgn0wpsouf0lj", "fields": {"session_data": "Y2Y3Yjc3YzRkZDVjMGE2ZGY5Y2NkZDFlODQzMDk5MDBjZWE1ZTBiNTp7ImJhc2VfcGFpciI6IkJUQyIsInRvX3BhaXIiOiJDTlkiLCJpc19vdGMiOjF9", "expire_date": "2019-06-19T04:14:56.411Z"}}, {"model": "sessions.session", "pk": "ji4i5y2u1m2lmzecizhkiyr76jcht88b", "fields": {"session_data": "Y2Y3Yjc3YzRkZDVjMGE2ZGY5Y2NkZDFlODQzMDk5MDBjZWE1ZTBiNTp7ImJhc2VfcGFpciI6IkJUQyIsInRvX3BhaXIiOiJDTlkiLCJpc19vdGMiOjF9", "expire_date": "2019-06-19T03:01:30.863Z"}}, {"model": "sessions.session", "pk": "kldmhpdi2r9u9llfelkx13mkyfpb2pok", "fields": {"session_data": "ODk4OTVmZWI4N2RkMWQ4ZjQ4MWY3ODdjZmMwMDYxODIxZWNhZGI0Mzp7Il9hdXRoX3VzZXJfaWQiOiIxIiwiX2F1dGhfdXNlcl9iYWNrZW5kIjoiZGphbmdvLmNvbnRyaWIuYXV0aC5iYWNrZW5kcy5Nb2RlbEJhY2tlbmQiLCJfYXV0aF91c2VyX2hhc2giOiI0MjE5NjhiNjExMzkzNjI3N2E2NTQxOWU3ZTlkMmRlMDk0ZjIzNTgyIn0=", "expire_date": "2018-12-05T03:29:15.892Z"}}, {"model": "sessions.session", "pk": "l29r0m9kbpkj5zo3sxl9xihvtudve8q1", "fields": {"session_data": "ZThkYjA4ODhkYWY1ZjE2ZGYyMmJlZTZjNGI2YjRmZjlmM2RlZGU4Yzp7Il9sYW5ndWFnZSI6InpoLWhhbnMiLCJiYXNlX3BhaXIiOiJUWENIIiwidG9fcGFpciI6IlRYQ0giLCJpc19vdGMiOjAsIl9hdXRoX3VzZXJfaWQiOiIzNiIsIl9hdXRoX3VzZXJfYmFja2VuZCI6ImRqYW5nby5jb250cmliLmF1dGguYmFja2VuZHMuTW9kZWxCYWNrZW5kIiwiX2F1dGhfdXNlcl9oYXNoIjoiYTdhNjhkMWQ3YjQxMmJkNTcxYWMxZGQ5ZTdmZjA0YzI2ZDIyOWI1NyJ9", "expire_date": "2019-06-19T12:59:00.203Z"}}, {"model": "sessions.session", "pk": "l2ioadffmdsecoiq2em9ngn1dnqup36k", "fields": {"session_data": "N2RkMTYxYzYyNjhlZGQ0MTk5ZWMyN2E2ZDYwNjdiZGU5NzVlMWM5ZDp7ImJhc2VfcGFpciI6IlRYQ0giLCJ0b19wYWlyIjoiQ05ZIiwiaXNfb3RjIjoxLCJfYXV0aF91c2VyX2lkIjoiMjAiLCJfYXV0aF91c2VyX2JhY2tlbmQiOiJkamFuZ28uY29udHJpYi5hdXRoLmJhY2tlbmRzLk1vZGVsQmFja2VuZCIsIl9hdXRoX3VzZXJfaGFzaCI6IjQ2NzRiOWY1YWUzMmJkMDk2ZTU4NzYwOWVkMTljYmVmOTFjMTY4MmMiLCJfbGFuZ3VhZ2UiOiJ6aC1oYW5zIn0=", "expire_date": "2019-06-17T15:06:46.159Z"}}, {"model": "sessions.session", "pk": "l5l6df68zyj625r0rbbq7lvt0vecuu8y", "fields": {"session_data": "Y2Y3Yjc3YzRkZDVjMGE2ZGY5Y2NkZDFlODQzMDk5MDBjZWE1ZTBiNTp7ImJhc2VfcGFpciI6IkJUQyIsInRvX3BhaXIiOiJDTlkiLCJpc19vdGMiOjF9", "expire_date": "2019-06-19T07:01:18.920Z"}}, {"model": "sessions.session", "pk": "lxaxp7opp5a1fzgazay3es8ze9hls49k", "fields": {"session_data": "YjI5NzA5ZjMyMmY5YTAyOGJlOGVmYmYzYzIzODNkMGI0ODQ0YjVlYTp7Il9hdXRoX3VzZXJfaWQiOiIzIiwiX2F1dGhfdXNlcl9iYWNrZW5kIjoiZGphbmdvLmNvbnRyaWIuYXV0aC5iYWNrZW5kcy5Nb2RlbEJhY2tlbmQiLCJfYXV0aF91c2VyX2hhc2giOiJmY2FmOGM5MWMxYjU5ODhiOTk1NTBmOWMzYTJmZGIwYzllZTQ1OTY3In0=", "expire_date": "2019-01-19T15:53:33.666Z"}}, {"model": "sessions.session", "pk": "lyrse3nwlx089x2vvu2cxtbuwvyip6xk", "fields": {"session_data": "Y2Y3Yjc3YzRkZDVjMGE2ZGY5Y2NkZDFlODQzMDk5MDBjZWE1ZTBiNTp7ImJhc2VfcGFpciI6IkJUQyIsInRvX3BhaXIiOiJDTlkiLCJpc19vdGMiOjF9", "expire_date": "2019-06-19T04:18:19.626Z"}}, {"model": "sessions.session", "pk": "m76uljruauf1evuisi52zv8jm0ar6rgc", "fields": {"session_data": "Y2Y3Yjc3YzRkZDVjMGE2ZGY5Y2NkZDFlODQzMDk5MDBjZWE1ZTBiNTp7ImJhc2VfcGFpciI6IkJUQyIsInRvX3BhaXIiOiJDTlkiLCJpc19vdGMiOjF9", "expire_date": "2019-06-18T15:23:41.284Z"}}, {"model": "sessions.session", "pk": "mwe98ar3pixjirmqg59rc79eagmtkd10", "fields": {"session_data": "NjdiNDk5MGY0MDAwZTQwYmEyNjE1ZTk4YTBkMzMzNmI3NjkzNjQ4Zjp7ImJhc2VfcGFpciI6IlRYQ0giLCJ0b19wYWlyIjoiQ05ZIiwiaXNfb3RjIjoxfQ==", "expire_date": "2019-06-19T05:33:59.859Z"}}, {"model": "sessions.session", "pk": "n1yew8ebkgzb5jv45azk2kt56x84qcrq", "fields": {"session_data": "YjI5NzA5ZjMyMmY5YTAyOGJlOGVmYmYzYzIzODNkMGI0ODQ0YjVlYTp7Il9hdXRoX3VzZXJfaWQiOiIzIiwiX2F1dGhfdXNlcl9iYWNrZW5kIjoiZGphbmdvLmNvbnRyaWIuYXV0aC5iYWNrZW5kcy5Nb2RlbEJhY2tlbmQiLCJfYXV0aF91c2VyX2hhc2giOiJmY2FmOGM5MWMxYjU5ODhiOTk1NTBmOWMzYTJmZGIwYzllZTQ1OTY3In0=", "expire_date": "2018-12-03T02:29:04.983Z"}}, {"model": "sessions.session", "pk": "n2m5dssvahg7pk3u93r16u0413ia8nk2", "fields": {"session_data": "Y2Y3Yjc3YzRkZDVjMGE2ZGY5Y2NkZDFlODQzMDk5MDBjZWE1ZTBiNTp7ImJhc2VfcGFpciI6IkJUQyIsInRvX3BhaXIiOiJDTlkiLCJpc19vdGMiOjF9", "expire_date": "2019-06-18T14:57:39.452Z"}}, {"model": "sessions.session", "pk": "n48w70tc0m3bzusugm2l82xuvpx043zj", "fields": {"session_data": "YTA0MTA2YTk3MDcxZDk4MDVhYTllYzc1YTA2YmRlMzIxOGZkNzU1MDp7ImJhc2VfcGFpciI6IlRYQ0giLCJ0b19wYWlyIjoiVVNEIiwiaXNfb3RjIjoxfQ==", "expire_date": "2019-04-12T11:52:54.892Z"}}, {"model": "sessions.session", "pk": "o9zfu5ny365i0qtartv582g38e4grm6x", "fields": {"session_data": "NjdiNDk5MGY0MDAwZTQwYmEyNjE1ZTk4YTBkMzMzNmI3NjkzNjQ4Zjp7ImJhc2VfcGFpciI6IlRYQ0giLCJ0b19wYWlyIjoiQ05ZIiwiaXNfb3RjIjoxfQ==", "expire_date": "2019-06-19T09:36:58.142Z"}}, {"model": "sessions.session", "pk": "od2rhtpiqtzbuejivacyvz5nntpsfsjv", "fields": {"session_data": "Y2Y3Yjc3YzRkZDVjMGE2ZGY5Y2NkZDFlODQzMDk5MDBjZWE1ZTBiNTp7ImJhc2VfcGFpciI6IkJUQyIsInRvX3BhaXIiOiJDTlkiLCJpc19vdGMiOjF9", "expire_date": "2019-06-19T02:57:39.372Z"}}, {"model": "sessions.session", "pk": "orhomb1fzi2tatxvspbmw7uhvdmrqwnv", "fields": {"session_data": "NjdiNDk5MGY0MDAwZTQwYmEyNjE1ZTk4YTBkMzMzNmI3NjkzNjQ4Zjp7ImJhc2VfcGFpciI6IlRYQ0giLCJ0b19wYWlyIjoiQ05ZIiwiaXNfb3RjIjoxfQ==", "expire_date": "2019-06-19T03:31:03.355Z"}}, {"model": "sessions.session", "pk": "p3jzxgwmq8j3p0lupru5ybsiln7p3i4j", "fields": {"session_data": "ZTM2NjNjMmI3N2FmMDBhOWEyZTQ2ZjI3ZTAyMTY3OThhODk3M2YyOTp7ImJhc2VfcGFpciI6IkJUQyIsInRvX3BhaXIiOiJUWENIIiwiaXNfb3RjIjowLCJfYXV0aF91c2VyX2lkIjoiMTciLCJfYXV0aF91c2VyX2JhY2tlbmQiOiJkamFuZ28uY29udHJpYi5hdXRoLmJhY2tlbmRzLk1vZGVsQmFja2VuZCIsIl9hdXRoX3VzZXJfaGFzaCI6IjhlYmRjM2NhNWIzODJlYmFjM2FiZmZkZWI5OGM1ZmQxNjhhMjhkY2UifQ==", "expire_date": "2019-05-19T04:14:45.967Z"}}, {"model": "sessions.session", "pk": "pou1wr9llmjehma6ybr7wqewj7sl408a", "fields": {"session_data": "Y2Y3Yjc3YzRkZDVjMGE2ZGY5Y2NkZDFlODQzMDk5MDBjZWE1ZTBiNTp7ImJhc2VfcGFpciI6IkJUQyIsInRvX3BhaXIiOiJDTlkiLCJpc19vdGMiOjF9", "expire_date": "2019-06-19T02:52:25.561Z"}}, {"model": "sessions.session", "pk": "q8fb3bx3sqadl5lgr22rtqpxh1zfnhwg", "fields": {"session_data": "ZTM2NjNjMmI3N2FmMDBhOWEyZTQ2ZjI3ZTAyMTY3OThhODk3M2YyOTp7ImJhc2VfcGFpciI6IkJUQyIsInRvX3BhaXIiOiJUWENIIiwiaXNfb3RjIjowLCJfYXV0aF91c2VyX2lkIjoiMTciLCJfYXV0aF91c2VyX2JhY2tlbmQiOiJkamFuZ28uY29udHJpYi5hdXRoLmJhY2tlbmRzLk1vZGVsQmFja2VuZCIsIl9hdXRoX3VzZXJfaGFzaCI6IjhlYmRjM2NhNWIzODJlYmFjM2FiZmZkZWI5OGM1ZmQxNjhhMjhkY2UifQ==", "expire_date": "2019-05-22T04:56:48.093Z"}}, {"model": "sessions.session", "pk": "qygb62arg4mjnm44mgngjs82cfkdqys0", "fields": {"session_data": "Y2Y3Yjc3YzRkZDVjMGE2ZGY5Y2NkZDFlODQzMDk5MDBjZWE1ZTBiNTp7ImJhc2VfcGFpciI6IkJUQyIsInRvX3BhaXIiOiJDTlkiLCJpc19vdGMiOjF9", "expire_date": "2019-06-18T21:25:33.594Z"}}, {"model": "sessions.session", "pk": "r1rh1rxcsz8v4dcumm1fbgzay3pilr5d", "fields": {"session_data": "Y2Y3Yjc3YzRkZDVjMGE2ZGY5Y2NkZDFlODQzMDk5MDBjZWE1ZTBiNTp7ImJhc2VfcGFpciI6IkJUQyIsInRvX3BhaXIiOiJDTlkiLCJpc19vdGMiOjF9", "expire_date": "2019-06-19T01:34:54.364Z"}}, {"model": "sessions.session", "pk": "r2difygqzg9tjgl34k9gm5wfmgaqgxm7", "fields": {"session_data": "NjdiNDk5MGY0MDAwZTQwYmEyNjE1ZTk4YTBkMzMzNmI3NjkzNjQ4Zjp7ImJhc2VfcGFpciI6IlRYQ0giLCJ0b19wYWlyIjoiQ05ZIiwiaXNfb3RjIjoxfQ==", "expire_date": "2019-06-19T05:22:54.533Z"}}, {"model": "sessions.session", "pk": "rvem0wi60cezfa9ieopobdnz6wljwhvc", "fields": {"session_data": "OTI1NGMwZjNjMzA1ZDNiNGE1ZGE0YTljNDkzNWQ4Y2RjYTQ5MDQ2Njp7Il9sYW5ndWFnZSI6InpoLWhhbnMiLCJiYXNlX3BhaXIiOiJCVEMiLCJ0b19wYWlyIjoiQ05ZIiwiaXNfb3RjIjoxfQ==", "expire_date": "2019-06-09T10:55:18.797Z"}}, {"model": "sessions.session", "pk": "s1ejufl1zn1jfwdfifzwaj7v32fxaorh", "fields": {"session_data": "Y2Y3Yjc3YzRkZDVjMGE2ZGY5Y2NkZDFlODQzMDk5MDBjZWE1ZTBiNTp7ImJhc2VfcGFpciI6IkJUQyIsInRvX3BhaXIiOiJDTlkiLCJpc19vdGMiOjF9", "expire_date": "2019-06-01T03:48:04.020Z"}}, {"model": "sessions.session", "pk": "scz9gz5ggqtmag8ouxt1km0212nh5cnb", "fields": {"session_data": "Y2Y3Yjc3YzRkZDVjMGE2ZGY5Y2NkZDFlODQzMDk5MDBjZWE1ZTBiNTp7ImJhc2VfcGFpciI6IkJUQyIsInRvX3BhaXIiOiJDTlkiLCJpc19vdGMiOjF9", "expire_date": "2019-06-19T06:42:35.955Z"}}, {"model": "sessions.session", "pk": "sht8trzd2m9o5dv42f90sf8mpz2ubgay", "fields": {"session_data": "Y2Y3Yjc3YzRkZDVjMGE2ZGY5Y2NkZDFlODQzMDk5MDBjZWE1ZTBiNTp7ImJhc2VfcGFpciI6IkJUQyIsInRvX3BhaXIiOiJDTlkiLCJpc19vdGMiOjF9", "expire_date": "2019-06-19T12:11:26.922Z"}}, {"model": "sessions.session", "pk": "sr3zj4710qnagwc4y9eapnwfasqnnsoj", "fields": {"session_data": "Y2Y3Yjc3YzRkZDVjMGE2ZGY5Y2NkZDFlODQzMDk5MDBjZWE1ZTBiNTp7ImJhc2VfcGFpciI6IkJUQyIsInRvX3BhaXIiOiJDTlkiLCJpc19vdGMiOjF9", "expire_date": "2019-06-19T12:44:13.515Z"}}, {"model": "sessions.session", "pk": "swl60kukczmvntjchhsdkve4rg0mspov", "fields": {"session_data": "NGU1Y2YxZTQ3NTU4NmQwNDA1NDRhMGY5M2E2OGI4YzBjODhkZDM3Nzp7ImJhc2VfcGFpciI6IkJUQyIsInRvX3BhaXIiOiJUWENIIiwiaXNfb3RjIjowfQ==", "expire_date": "2019-06-19T00:34:40.114Z"}}, {"model": "sessions.session", "pk": "t0l6u6sgdi4asnuiwasj9c93zr1fdr53", "fields": {"session_data": "NjdiNDk5MGY0MDAwZTQwYmEyNjE1ZTk4YTBkMzMzNmI3NjkzNjQ4Zjp7ImJhc2VfcGFpciI6IlRYQ0giLCJ0b19wYWlyIjoiQ05ZIiwiaXNfb3RjIjoxfQ==", "expire_date": "2019-06-19T05:22:58.610Z"}}, {"model": "sessions.session", "pk": "u17deik4ew33sm1d0uri7yik9c4zo6z2", "fields": {"session_data": "YTg3MTVhZTk1MzkwZTVlZmIzOGE1ZjFmYTgzOTAyZGM1YjQwNWZkNTp7Il9hdXRoX3VzZXJfaWQiOiIzIiwiX2F1dGhfdXNlcl9iYWNrZW5kIjoiZGphbmdvLmNvbnRyaWIuYXV0aC5iYWNrZW5kcy5Nb2RlbEJhY2tlbmQiLCJfYXV0aF91c2VyX2hhc2giOiJmY2FmOGM5MWMxYjU5ODhiOTk1NTBmOWMzYTJmZGIwYzllZTQ1OTY3IiwiYmFzZV9wYWlyIjoiQlRDIn0=", "expire_date": "2019-01-19T16:56:56.963Z"}}, {"model": "sessions.session", "pk": "uaphvlb6bnxsu5oa65vend3r80obq7it", "fields": {"session_data": "ZTM2NjNjMmI3N2FmMDBhOWEyZTQ2ZjI3ZTAyMTY3OThhODk3M2YyOTp7ImJhc2VfcGFpciI6IkJUQyIsInRvX3BhaXIiOiJUWENIIiwiaXNfb3RjIjowLCJfYXV0aF91c2VyX2lkIjoiMTciLCJfYXV0aF91c2VyX2JhY2tlbmQiOiJkamFuZ28uY29udHJpYi5hdXRoLmJhY2tlbmRzLk1vZGVsQmFja2VuZCIsIl9hdXRoX3VzZXJfaGFzaCI6IjhlYmRjM2NhNWIzODJlYmFjM2FiZmZkZWI5OGM1ZmQxNjhhMjhkY2UifQ==", "expire_date": "2019-05-17T03:59:47.977Z"}}, {"model": "sessions.session", "pk": "ud8mm478wy5oxy2fw5vlzpvnwsckkn03", "fields": {"session_data": "YTAyYTVjNjI4ZTE0MzQ5Nzk4MjkyZDIxY2Y0MjA5N2IzYTkwZjUxMDp7Il9sYW5ndWFnZSI6ImVuLXVzIiwiYmFzZV9wYWlyIjoiQlRDIiwidG9fcGFpciI6IkNOWSIsImlzX290YyI6MX0=", "expire_date": "2019-05-25T05:15:02.875Z"}}, {"model": "sessions.session", "pk": "usbqy1s79dya9bearu403i4i6mj58m79", "fields": {"session_data": "Y2Y3Yjc3YzRkZDVjMGE2ZGY5Y2NkZDFlODQzMDk5MDBjZWE1ZTBiNTp7ImJhc2VfcGFpciI6IkJUQyIsInRvX3BhaXIiOiJDTlkiLCJpc19vdGMiOjF9", "expire_date": "2019-06-19T03:43:28.418Z"}}, {"model": "sessions.session", "pk": "v49h645rd1olo3prurd8e5spxd8oaqvh", "fields": {"session_data": "ODk4OTVmZWI4N2RkMWQ4ZjQ4MWY3ODdjZmMwMDYxODIxZWNhZGI0Mzp7Il9hdXRoX3VzZXJfaWQiOiIxIiwiX2F1dGhfdXNlcl9iYWNrZW5kIjoiZGphbmdvLmNvbnRyaWIuYXV0aC5iYWNrZW5kcy5Nb2RlbEJhY2tlbmQiLCJfYXV0aF91c2VyX2hhc2giOiI0MjE5NjhiNjExMzkzNjI3N2E2NTQxOWU3ZTlkMmRlMDk0ZjIzNTgyIn0=", "expire_date": "2018-12-08T02:09:01.004Z"}}, {"model": "sessions.session", "pk": "vdmut06huznprw317p7dlbdhypseab92", "fields": {"session_data": "Mzk3ZmI1NjhjNGM2NWMwN2QxY2RhNDE3ZmMyMzIxYTMwNjdmZDdiZDp7ImJhc2VfcGFpciI6IkJUQyIsInRvX3BhaXIiOiJUWENIIiwiaXNfb3RjIjowLCJfYXV0aF91c2VyX2lkIjoiMiIsIl9hdXRoX3VzZXJfYmFja2VuZCI6ImRqYW5nby5jb250cmliLmF1dGguYmFja2VuZHMuTW9kZWxCYWNrZW5kIiwiX2F1dGhfdXNlcl9oYXNoIjoiMWExNDZhMzQyOWY3ZDY3ODM3MTZjZWZhY2Q1Njg2YTJiNjU3ZjA4MiJ9", "expire_date": "2019-06-25T14:05:15.263Z"}}, {"model": "sessions.session", "pk": "vg875b1nmzufgwdzeg8hh5qpnny1uvtg", "fields": {"session_data": "Y2Y3Yjc3YzRkZDVjMGE2ZGY5Y2NkZDFlODQzMDk5MDBjZWE1ZTBiNTp7ImJhc2VfcGFpciI6IkJUQyIsInRvX3BhaXIiOiJDTlkiLCJpc19vdGMiOjF9", "expire_date": "2019-06-19T04:22:47.189Z"}}, {"model": "sessions.session", "pk": "vl1b364gtfxznl27qpks7qor50nqnoxh", "fields": {"session_data": "OTk0MjRkMWI4ODg5MThlZDVlMjllMzNkYjRlOWEzMTYwYTI3NjVmZjp7Il9hdXRoX3VzZXJfaWQiOiIxIiwiX2F1dGhfdXNlcl9iYWNrZW5kIjoiZGphbmdvLmNvbnRyaWIuYXV0aC5iYWNrZW5kcy5Nb2RlbEJhY2tlbmQiLCJfYXV0aF91c2VyX2hhc2giOiI0MjE5NjhiNjExMzkzNjI3N2E2NTQxOWU3ZTlkMmRlMDk0ZjIzNTgyIiwiYmFzZV9wYWlyIjoiVFhDSCIsIl9sYW5ndWFnZSI6ImVuLXVzIn0=", "expire_date": "2019-01-26T02:40:42.322Z"}}, {"model": "sessions.session", "pk": "vwhbsofi0tt6cv3gg2wrj2y49p3pzzgt", "fields": {"session_data": "Y2Y3Yjc3YzRkZDVjMGE2ZGY5Y2NkZDFlODQzMDk5MDBjZWE1ZTBiNTp7ImJhc2VfcGFpciI6IkJUQyIsInRvX3BhaXIiOiJDTlkiLCJpc19vdGMiOjF9", "expire_date": "2019-06-19T01:12:57.094Z"}}, {"model": "sessions.session", "pk": "wdq9njmvinngvtah9lb0vi4nxbk2ubb5", "fields": {"session_data": "Y2Y3Yjc3YzRkZDVjMGE2ZGY5Y2NkZDFlODQzMDk5MDBjZWE1ZTBiNTp7ImJhc2VfcGFpciI6IkJUQyIsInRvX3BhaXIiOiJDTlkiLCJpc19vdGMiOjF9", "expire_date": "2019-06-01T02:55:59.430Z"}}, {"model": "sessions.session", "pk": "wo8v4dsb46k4fgzk95vycaincbgy74my", "fields": {"session_data": "NjdiNDk5MGY0MDAwZTQwYmEyNjE1ZTk4YTBkMzMzNmI3NjkzNjQ4Zjp7ImJhc2VfcGFpciI6IlRYQ0giLCJ0b19wYWlyIjoiQ05ZIiwiaXNfb3RjIjoxfQ==", "expire_date": "2019-06-19T05:22:56.579Z"}}, {"model": "sessions.session", "pk": "wpwfjrpvlvkplwtypif3l00egupxsi1o", "fields": {"session_data": "NDQ0MGEwN2JkMmNkODY4N2VmZDdmNzg5NmI4MTE5NTM2Mjg3OGU3OTp7Il9hdXRoX3VzZXJfaWQiOiIxIiwiX2F1dGhfdXNlcl9iYWNrZW5kIjoiZGphbmdvLmNvbnRyaWIuYXV0aC5iYWNrZW5kcy5Nb2RlbEJhY2tlbmQiLCJfYXV0aF91c2VyX2hhc2giOiI0MjE5NjhiNjExMzkzNjI3N2E2NTQxOWU3ZTlkMmRlMDk0ZjIzNTgyIiwiYmFzZV9wYWlyIjoiVFhDSCJ9", "expire_date": "2019-01-21T11:10:03.662Z"}}, {"model": "sessions.session", "pk": "x6edjsejtxnq6x6ikgdqesb1j4ffo046", "fields": {"session_data": "Y2Y3Yjc3YzRkZDVjMGE2ZGY5Y2NkZDFlODQzMDk5MDBjZWE1ZTBiNTp7ImJhc2VfcGFpciI6IkJUQyIsInRvX3BhaXIiOiJDTlkiLCJpc19vdGMiOjF9", "expire_date": "2019-06-18T16:44:05.007Z"}}, {"model": "sessions.session", "pk": "y3uj63496u1cf1oia3mneddckn7b289p", "fields": {"session_data": "YTA0MTA2YTk3MDcxZDk4MDVhYTllYzc1YTA2YmRlMzIxOGZkNzU1MDp7ImJhc2VfcGFpciI6IlRYQ0giLCJ0b19wYWlyIjoiVVNEIiwiaXNfb3RjIjoxfQ==", "expire_date": "2019-06-18T23:21:16.396Z"}}, {"model": "sessions.session", "pk": "ysi8886epux0xg1lsvj163kj9emz8rxh", "fields": {"session_data": "NjdiNDk5MGY0MDAwZTQwYmEyNjE1ZTk4YTBkMzMzNmI3NjkzNjQ4Zjp7ImJhc2VfcGFpciI6IlRYQ0giLCJ0b19wYWlyIjoiQ05ZIiwiaXNfb3RjIjoxfQ==", "expire_date": "2019-06-19T09:21:23.799Z"}}, {"model": "sessions.session", "pk": "ze6ljaujn3otregli5a55mbet0n535ai", "fields": {"session_data": "NjdiNDk5MGY0MDAwZTQwYmEyNjE1ZTk4YTBkMzMzNmI3NjkzNjQ4Zjp7ImJhc2VfcGFpciI6IlRYQ0giLCJ0b19wYWlyIjoiQ05ZIiwiaXNfb3RjIjoxfQ==", "expire_date": "2019-06-19T03:28:48.992Z"}}, {"model": "sessions.session", "pk": "zow0hjpozlmqjsn8uliwwunuz8f276np", "fields": {"session_data": "MTIyNGVmZWMxYmM1MTJiMmIxNzk2N2E1YjhiOWYwNGM3NDgyMDA5Mjp7Il9sYW5ndWFnZSI6ImVuLXVzIiwiX2F1dGhfdXNlcl9pZCI6IjEwIiwiX2F1dGhfdXNlcl9iYWNrZW5kIjoiZGphbmdvLmNvbnRyaWIuYXV0aC5iYWNrZW5kcy5Nb2RlbEJhY2tlbmQiLCJfYXV0aF91c2VyX2hhc2giOiI5Y2I1ZDlmYmZlYTU4YzA3NGQ0YzkyODNiZTM0NmZiZDFiZTBmYzE3IiwiYmFzZV9wYWlyIjoiQlRDIn0=", "expire_date": "2019-04-02T18:31:26.868Z"}}, {"model": "sessions.session", "pk": "zucynlpnus80p71jaf40iwwhfiu09kaj", "fields": {"session_data": "Y2Y3Yjc3YzRkZDVjMGE2ZGY5Y2NkZDFlODQzMDk5MDBjZWE1ZTBiNTp7ImJhc2VfcGFpciI6IkJUQyIsInRvX3BhaXIiOiJDTlkiLCJpc19vdGMiOjF9", "expire_date": "2019-06-19T01:26:50.402Z"}}, {"model": "sessions.session", "pk": "zzim4ud8db0ojkt13gzjczwoo6bqw3kw", "fields": {"session_data": "ZmQ3YWNkOTk0ZDY5NTFmYTJhMGY1MGRlNzdmOWJiZWNhNTZlM2EzMjp7Il9hdXRoX3VzZXJfaWQiOiIzIiwiX2F1dGhfdXNlcl9iYWNrZW5kIjoiZGphbmdvLmNvbnRyaWIuYXV0aC5iYWNrZW5kcy5Nb2RlbEJhY2tlbmQiLCJfYXV0aF91c2VyX2hhc2giOiJmY2FmOGM5MWMxYjU5ODhiOTk1NTBmOWMzYTJmZGIwYzllZTQ1OTY3IiwiYmFzZV9wYWlyIjoiVFhDSCIsInRvX3BhaXIiOiJVU0QiLCJpc19vdGMiOjF9", "expire_date": "2019-04-12T09:16:27.469Z"}}, {"model": "sites.site", "pk": 2, "fields": {"domain": "example.com", "name": "example.com"}}, {"model": "bitcoin_crypto.walletaddress", "pk": 5, "fields": {"address": "2N1CTeRGyNM1uEbqWU5MMGMNEDKbDVZhcnT"}}, {"model": "bitcoin_crypto.walletaddress", "pk": 6, "fields": {"address": "2ND6ePWiqk9uECVJmBGNJtZDfHf6eU9qkKS"}}, {"model": "bitcoin_crypto.walletaddress", "pk": 9, "fields": {"address": "2NB1ivFHkqf5bhZQQzzocY4MC7Anz1cRwpu"}}, {"model": "bitcoin_crypto.walletaddress", "pk": 11, "fields": {"address": "GfSaBaXFVWjhnvBcP9wgQ7cDWehVryv772"}}, {"model": "bitcoin_crypto.walletaddress", "pk": 12, "fields": {"address": "GR1E2fLT7bRT5QxW8dFV8h3N7Nz5Ukqwt2"}}, {"model": "bitcoin_crypto.walletaddress", "pk": 13, "fields": {"address": "2N8ZkdEiwTJ9xCemHH97o3UAHtK774JBNWZ"}}, {"model": "bitcoin_crypto.walletaddress", "pk": 14, "fields": {"address": "GKJhp1mGAFRX118894EMGs1c7Hf3av6jza"}}, {"model": "bitcoin_crypto.walletaddress", "pk": 15, "fields": {"address": "2MyL1CnsTCCTFgEgTX7DyuJVsQ6ZT2NWd3i"}}, {"model": "bitcoin_crypto.walletaddress", "pk": 16, "fields": {"address": "2MycpqcbuAz7cbSV4TcCz5m2bGc4vszgCpt"}}, {"model": "bitcoin_crypto.walletaddress", "pk": 17, "fields": {"address": "GN9xxXvJVBAMmynm77jYpV2nGDhth8FD9B"}}, {"model": "bitcoin_crypto.walletaddress", "pk": 18, "fields": {"address": "2NGP25r97SHAaMKHa9dXFiu1azwLsd5xcFw"}}, {"model": "bitcoin_crypto.walletaddress", "pk": 19, "fields": {"address": "GKkaoQrqvKxHpotZq76xWVY6EeFYYebzTJ"}}, {"model": "bitcoin_crypto.walletaddress", "pk": 20, "fields": {"address": "2NGP5A3N4jbr2r1jgADVzveWBRSw8MficuR"}}, {"model": "bitcoin_crypto.walletaddress", "pk": 21, "fields": {"address": "GgQVvgEKFxmMgR8DgmR27CdqVspsCW5hPP"}}, {"model": "bitcoin_crypto.walletaddress", "pk": 22, "fields": {"address": "2N1tu7seaqxHttEYuD4AyrQEpXi9358MdVw"}}, {"model": "bitcoin_crypto.walletaddress", "pk": 23, "fields": {"address": "GM6zeT2bTAA1DdFAVc9haWuaS2ci63L9jL"}}, {"model": "bitcoin_crypto.walletaddress", "pk": 24, "fields": {"address": "3FhNWCTqED9hXdmnja577A3SW5Dtf7HYtv"}}, {"model": "bitcoin_crypto.walletaddress", "pk": 25, "fields": {"address": "GZ5vybPkTqxaAnLomVyQR5Xa25Ny5CQc78"}}, {"model": "bitcoin_crypto.walletaddress", "pk": 26, "fields": {"address": "3K47xMiPjTZbXByTJQdWU9DRUV9Ji4h4RQ"}}, {"model": "bitcoin_crypto.walletaddress", "pk": 27, "fields": {"address": "GR5ruAfLAnnK9pSmZcw6ZXEbKJgFoUJCTk"}}, {"model": "bitcoin_crypto.walletaddress", "pk": 28, "fields": {"address": "3KX4VKef8ptPCNKhc887w4hd8BuDX6CLjU"}}, {"model": "bitcoin_crypto.walletaddress", "pk": 29, "fields": {"address": "GNV7dg8jGQH4quLnYZPqGSrrkJqqbVBgmt"}}, {"model": "bitcoin_crypto.cryptocurrency", "pk": 1, "fields": {"basepair": "BTC"}}, {"model": "bitcoin_crypto.cryptocurrency", "pk": 2, "fields": {"basepair": "TXCH"}}, {"model": "bitcoin_crypto.fiat", "pk": 1, "fields": {"topair": "CNY"}}, {"model": "bitcoin_crypto.fiat", "pk": 2, "fields": {"topair": "USD"}}, {"model": "bitcoin_crypto.minimuncoin", "pk": 1, "fields": {"site": 2, "btc_limit": "0.0", "user_alert": true, "low_limit_alert": true}}, {"model": "bitcoin_crypto.marketlimit", "pk": 1, "fields": {"min_price_limit": "5", "max_price_limit": "15", "min_amount_limit": "0", "max_amount_limit": "100"}}, {"model": "bitcoin_crypto.notification", "pk": 1, "fields": {"date": "2018-10-23T17:04:55.349Z", "notification": "New KYC submission by bigdealer27@hotmail.com"}}, {"model": "bitcoin_crypto.notification", "pk": 2, "fields": {"date": "2018-12-23T14:58:31.673Z", "notification": "New KYC submission by ares2018@protonmail.com"}}, {"model": "bitcoin_crypto.notification", "pk": 3, "fields": {"date": "2018-12-23T15:01:54.415Z", "notification": "KYC details approved by admin."}}, {"model": "bitcoin_crypto.notification", "pk": 4, "fields": {"date": "2019-01-03T02:39:06.900Z", "notification": "New KYC submission by dreamsoft27@hotmail.com"}}, {"model": "bitcoin_crypto.notification", "pk": 5, "fields": {"date": "2019-01-07T02:53:33.619Z", "notification": "Withdrawal amount 100 BTC to address GYZyuAvxekfdrqac7pXpNPJedrK7PbvDny has approved by admin"}}, {"model": "bitcoin_crypto.notification", "pk": 6, "fields": {"date": "2019-01-22T04:03:54.779Z", "notification": "Withdrawal amount 0.02 BTC to address 2NCunL9mNfGPXW9ehEKP5hH1bQYmaTNFwef has approved by admin"}}, {"model": "bitcoin_crypto.notification", "pk": 7, "fields": {"date": "2019-04-17T03:49:43.524Z", "notification": "New KYC submission by mladenwizard27@hotmail.com"}}, {"model": "bitcoin_crypto.notification", "pk": 8, "fields": {"date": "2019-04-17T03:59:16.677Z", "notification": "KYC details approved by admin."}}, {"model": "bitcoin_crypto.notification", "pk": 9, "fields": {"date": "2019-05-02T03:10:12.635Z", "notification": "New KYC submission by mladenwizard27@hotmail.com"}}, {"model": "bitcoin_crypto.notification", "pk": 10, "fields": {"date": "2019-05-02T03:11:32.939Z", "notification": "KYC details approved by admin."}}, {"model": "bitcoin_crypto.notification", "pk": 11, "fields": {"date": "2019-05-24T13:45:35.139Z", "notification": "New KYC submission by dreamsoft27@hotmail.com"}}, {"model": "bitcoin_crypto.notification", "pk": 12, "fields": {"date": "2019-05-24T13:46:38.487Z", "notification": "KYC details approved by admin."}}, {"model": "bitcoin_crypto.notification", "pk": 13, "fields": {"date": "2019-05-24T14:04:43.218Z", "notification": "New KYC submission by bigdealer27@hotmail.com"}}, {"model": "bitcoin_crypto.notification", "pk": 14, "fields": {"date": "2019-05-24T14:05:51.653Z", "notification": "KYC details approved by admin."}}, {"model": "bitcoin_crypto.notification", "pk": 15, "fields": {"date": "2019-05-24T21:35:53.914Z", "notification": "Withdrawal amount 20 BTC to address GNV7dg8jGQH4quLnYZPqGSrrkJqqbVBgmt has approved by admin"}}, {"model": "bitcoin_crypto.notification", "pk": 16, "fields": {"date": "2019-05-26T04:02:57.225Z", "notification": "Withdrawal amount 25 to address GWWCyTebPA4DddtcLLcXyPgsokMN8BQQxv has approved by admin"}}, {"model": "bitcoin_crypto.notification", "pk": 17, "fields": {"date": "2019-05-26T10:05:39.471Z", "notification": "Withdrawal amount 23 to address GR5ruAfLAnnK9pSmZcw6ZXEbKJgFoUJCTk has approved by admin"}}, {"model": "auth.permission", "pk": 1, "fields": {"name": "Can add log entry", "content_type": 1, "codename": "add_logentry"}}, {"model": "auth.permission", "pk": 2, "fields": {"name": "Can change log entry", "content_type": 1, "codename": "change_logentry"}}, {"model": "auth.permission", "pk": 3, "fields": {"name": "Can delete log entry", "content_type": 1, "codename": "delete_logentry"}}, {"model": "auth.permission", "pk": 4, "fields": {"name": "Can add permission", "content_type": 2, "codename": "add_permission"}}, {"model": "auth.permission", "pk": 5, "fields": {"name": "Can change permission", "content_type": 2, "codename": "change_permission"}}, {"model": "auth.permission", "pk": 6, "fields": {"name": "Can delete permission", "content_type": 2, "codename": "delete_permission"}}, {"model": "auth.permission", "pk": 7, "fields": {"name": "Can add group", "content_type": 3, "codename": "add_group"}}, {"model": "auth.permission", "pk": 8, "fields": {"name": "Can change group", "content_type": 3, "codename": "change_group"}}, {"model": "auth.permission", "pk": 9, "fields": {"name": "Can delete group", "content_type": 3, "codename": "delete_group"}}, {"model": "auth.permission", "pk": 10, "fields": {"name": "Can add content type", "content_type": 4, "codename": "add_contenttype"}}, {"model": "auth.permission", "pk": 11, "fields": {"name": "Can change content type", "content_type": 4, "codename": "change_contenttype"}}, {"model": "auth.permission", "pk": 12, "fields": {"name": "Can delete content type", "content_type": 4, "codename": "delete_contenttype"}}, {"model": "auth.permission", "pk": 13, "fields": {"name": "Can add session", "content_type": 5, "codename": "add_session"}}, {"model": "auth.permission", "pk": 14, "fields": {"name": "Can change session", "content_type": 5, "codename": "change_session"}}, {"model": "auth.permission", "pk": 15, "fields": {"name": "Can delete session", "content_type": 5, "codename": "delete_session"}}, {"model": "auth.permission", "pk": 16, "fields": {"name": "Can add site", "content_type": 6, "codename": "add_site"}}, {"model": "auth.permission", "pk": 17, "fields": {"name": "Can change site", "content_type": 6, "codename": "change_site"}}, {"model": "auth.permission", "pk": 18, "fields": {"name": "Can delete site", "content_type": 6, "codename": "delete_site"}}, {"model": "auth.permission", "pk": 19, "fields": {"name": "Can add transaction", "content_type": 7, "codename": "add_transaction"}}, {"model": "auth.permission", "pk": 20, "fields": {"name": "Can change transaction", "content_type": 7, "codename": "change_transaction"}}, {"model": "auth.permission", "pk": 21, "fields": {"name": "Can delete transaction", "content_type": 7, "codename": "delete_transaction"}}, {"model": "auth.permission", "pk": 22, "fields": {"name": "Can add wallet", "content_type": 8, "codename": "add_wallet"}}, {"model": "auth.permission", "pk": 23, "fields": {"name": "Can change wallet", "content_type": 8, "codename": "change_wallet"}}, {"model": "auth.permission", "pk": 24, "fields": {"name": "Can delete wallet", "content_type": 8, "codename": "delete_wallet"}}, {"model": "auth.permission", "pk": 25, "fields": {"name": "Can add wallet address", "content_type": 9, "codename": "add_walletaddress"}}, {"model": "auth.permission", "pk": 26, "fields": {"name": "Can change wallet address", "content_type": 9, "codename": "change_walletaddress"}}, {"model": "auth.permission", "pk": 27, "fields": {"name": "Can delete wallet address", "content_type": 9, "codename": "delete_walletaddress"}}, {"model": "auth.permission", "pk": 28, "fields": {"name": "Can add pending transactions", "content_type": 10, "codename": "add_pendingtransactions"}}, {"model": "auth.permission", "pk": 29, "fields": {"name": "Can change pending transactions", "content_type": 10, "codename": "change_pendingtransactions"}}, {"model": "auth.permission", "pk": 30, "fields": {"name": "Can delete pending transactions", "content_type": 10, "codename": "delete_pendingtransactions"}}, {"model": "auth.permission", "pk": 31, "fields": {"name": "Can add vault wallet", "content_type": 11, "codename": "add_vaultwallet"}}, {"model": "auth.permission", "pk": 32, "fields": {"name": "Can change vault wallet", "content_type": 11, "codename": "change_vaultwallet"}}, {"model": "auth.permission", "pk": 33, "fields": {"name": "Can delete vault wallet", "content_type": 11, "codename": "delete_vaultwallet"}}, {"model": "auth.permission", "pk": 34, "fields": {"name": "Can add vault transaction", "content_type": 12, "codename": "add_vaulttransaction"}}, {"model": "auth.permission", "pk": 35, "fields": {"name": "Can change vault transaction", "content_type": 12, "codename": "change_vaulttransaction"}}, {"model": "auth.permission", "pk": 36, "fields": {"name": "Can delete vault transaction", "content_type": 12, "codename": "delete_vaulttransaction"}}, {"model": "auth.permission", "pk": 37, "fields": {"name": "Can add minimun coin", "content_type": 13, "codename": "add_minimuncoin"}}, {"model": "auth.permission", "pk": 38, "fields": {"name": "Can change minimun coin", "content_type": 13, "codename": "change_minimuncoin"}}, {"model": "auth.permission", "pk": 39, "fields": {"name": "Can delete minimun coin", "content_type": 13, "codename": "delete_minimuncoin"}}, {"model": "auth.permission", "pk": 40, "fields": {"name": "Can add watch only address", "content_type": 14, "codename": "add_watchonlyaddress"}}, {"model": "auth.permission", "pk": 41, "fields": {"name": "Can change watch only address", "content_type": 14, "codename": "change_watchonlyaddress"}}, {"model": "auth.permission", "pk": 42, "fields": {"name": "Can delete watch only address", "content_type": 14, "codename": "delete_watchonlyaddress"}}, {"model": "auth.permission", "pk": 43, "fields": {"name": "Can add exchange tax rates", "content_type": 15, "codename": "add_exchangetaxrates"}}, {"model": "auth.permission", "pk": 44, "fields": {"name": "Can change exchange tax rates", "content_type": 15, "codename": "change_exchangetaxrates"}}, {"model": "auth.permission", "pk": 45, "fields": {"name": "Can delete exchange tax rates", "content_type": 15, "codename": "delete_exchangetaxrates"}}, {"model": "auth.permission", "pk": 46, "fields": {"name": "Can add order book", "content_type": 16, "codename": "add_orderbook"}}, {"model": "auth.permission", "pk": 47, "fields": {"name": "Can change order book", "content_type": 16, "codename": "change_orderbook"}}, {"model": "auth.permission", "pk": 48, "fields": {"name": "Can delete order book", "content_type": 16, "codename": "delete_orderbook"}}, {"model": "auth.permission", "pk": 49, "fields": {"name": "Can add sgd wallet", "content_type": 17, "codename": "add_sgdwallet"}}, {"model": "auth.permission", "pk": 50, "fields": {"name": "Can change sgd wallet", "content_type": 17, "codename": "change_sgdwallet"}}, {"model": "auth.permission", "pk": 51, "fields": {"name": "Can delete sgd wallet", "content_type": 17, "codename": "delete_sgdwallet"}}, {"model": "auth.permission", "pk": 52, "fields": {"name": "Can add notification", "content_type": 18, "codename": "add_notification"}}, {"model": "auth.permission", "pk": 53, "fields": {"name": "Can change notification", "content_type": 18, "codename": "change_notification"}}, {"model": "auth.permission", "pk": 54, "fields": {"name": "Can delete notification", "content_type": 18, "codename": "delete_notification"}}, {"model": "auth.permission", "pk": 55, "fields": {"name": "Can add notification user", "content_type": 19, "codename": "add_notificationuser"}}, {"model": "auth.permission", "pk": 56, "fields": {"name": "Can change notification user", "content_type": 19, "codename": "change_notificationuser"}}, {"model": "auth.permission", "pk": 57, "fields": {"name": "Can delete notification user", "content_type": 19, "codename": "delete_notificationuser"}}, {"model": "auth.permission", "pk": 58, "fields": {"name": "Can add transaction tracker", "content_type": 20, "codename": "add_transactiontracker"}}, {"model": "auth.permission", "pk": 59, "fields": {"name": "Can change transaction tracker", "content_type": 20, "codename": "change_transactiontracker"}}, {"model": "auth.permission", "pk": 60, "fields": {"name": "Can delete transaction tracker", "content_type": 20, "codename": "delete_transactiontracker"}}, {"model": "auth.permission", "pk": 61, "fields": {"name": "Can add order matching history", "content_type": 21, "codename": "add_ordermatchinghistory"}}, {"model": "auth.permission", "pk": 62, "fields": {"name": "Can change order matching history", "content_type": 21, "codename": "change_ordermatchinghistory"}}, {"model": "auth.permission", "pk": 63, "fields": {"name": "Can delete order matching history", "content_type": 21, "codename": "delete_ordermatchinghistory"}}, {"model": "auth.permission", "pk": 64, "fields": {"name": "Can add user", "content_type": 22, "codename": "add_user"}}, {"model": "auth.permission", "pk": 65, "fields": {"name": "Can change user", "content_type": 22, "codename": "change_user"}}, {"model": "auth.permission", "pk": 66, "fields": {"name": "Can delete user", "content_type": 22, "codename": "delete_user"}}, {"model": "auth.permission", "pk": 67, "fields": {"name": "Can add access log", "content_type": 23, "codename": "add_accesslog"}}, {"model": "auth.permission", "pk": 68, "fields": {"name": "Can change access log", "content_type": 23, "codename": "change_accesslog"}}, {"model": "auth.permission", "pk": 69, "fields": {"name": "Can delete access log", "content_type": 23, "codename": "delete_accesslog"}}, {"model": "auth.permission", "pk": 70, "fields": {"name": "Can add kyc upload", "content_type": 24, "codename": "add_kycupload"}}, {"model": "auth.permission", "pk": 71, "fields": {"name": "Can change kyc upload", "content_type": 24, "codename": "change_kycupload"}}, {"model": "auth.permission", "pk": 72, "fields": {"name": "Can delete kyc upload", "content_type": 24, "codename": "delete_kycupload"}}, {"model": "auth.permission", "pk": 73, "fields": {"name": "Can add address proof", "content_type": 25, "codename": "add_addressproof"}}, {"model": "auth.permission", "pk": 74, "fields": {"name": "Can change address proof", "content_type": 25, "codename": "change_addressproof"}}, {"model": "auth.permission", "pk": 75, "fields": {"name": "Can delete address proof", "content_type": 25, "codename": "delete_addressproof"}}, {"model": "auth.permission", "pk": 76, "fields": {"name": "Can add profile", "content_type": 26, "codename": "add_profile"}}, {"model": "auth.permission", "pk": 77, "fields": {"name": "Can change profile", "content_type": 26, "codename": "change_profile"}}, {"model": "auth.permission", "pk": 78, "fields": {"name": "Can delete profile", "content_type": 26, "codename": "delete_profile"}}, {"model": "auth.permission", "pk": 79, "fields": {"name": "Can add previous password", "content_type": 27, "codename": "add_previouspassword"}}, {"model": "auth.permission", "pk": 80, "fields": {"name": "Can change previous password", "content_type": 27, "codename": "change_previouspassword"}}, {"model": "auth.permission", "pk": 81, "fields": {"name": "Can delete previous password", "content_type": 27, "codename": "delete_previouspassword"}}, {"model": "auth.permission", "pk": 82, "fields": {"name": "Can add bank account", "content_type": 28, "codename": "add_bankaccount"}}, {"model": "auth.permission", "pk": 83, "fields": {"name": "Can change bank account", "content_type": 28, "codename": "change_bankaccount"}}, {"model": "auth.permission", "pk": 84, "fields": {"name": "Can delete bank account", "content_type": 28, "codename": "delete_bankaccount"}}, {"model": "auth.permission", "pk": 85, "fields": {"name": "Can add complaints and request", "content_type": 29, "codename": "add_complaintsandrequest"}}, {"model": "auth.permission", "pk": 86, "fields": {"name": "Can change complaints and request", "content_type": 29, "codename": "change_complaintsandrequest"}}, {"model": "auth.permission", "pk": 87, "fields": {"name": "Can delete complaints and request", "content_type": 29, "codename": "delete_complaintsandrequest"}}, {"model": "auth.permission", "pk": 88, "fields": {"name": "Can add mining fees", "content_type": 30, "codename": "add_miningfees"}}, {"model": "auth.permission", "pk": 89, "fields": {"name": "Can change mining fees", "content_type": 30, "codename": "change_miningfees"}}, {"model": "auth.permission", "pk": 90, "fields": {"name": "Can delete mining fees", "content_type": 30, "codename": "delete_miningfees"}}, {"model": "auth.permission", "pk": 91, "fields": {"name": "Can add transaction fee", "content_type": 31, "codename": "add_transactionfee"}}, {"model": "auth.permission", "pk": 92, "fields": {"name": "Can change transaction fee", "content_type": 31, "codename": "change_transactionfee"}}, {"model": "auth.permission", "pk": 93, "fields": {"name": "Can delete transaction fee", "content_type": 31, "codename": "delete_transactionfee"}}, {"model": "auth.permission", "pk": 94, "fields": {"name": "Can add transaction fee range", "content_type": 32, "codename": "add_transactionfeerange"}}, {"model": "auth.permission", "pk": 95, "fields": {"name": "Can change transaction fee range", "content_type": 32, "codename": "change_transactionfeerange"}}, {"model": "auth.permission", "pk": 96, "fields": {"name": "Can delete transaction fee range", "content_type": 32, "codename": "delete_transactionfeerange"}}, {"model": "auth.permission", "pk": 97, "fields": {"name": "Can add tradingpairs", "content_type": 33, "codename": "add_tradingpairs"}}, {"model": "auth.permission", "pk": 98, "fields": {"name": "Can change tradingpairs", "content_type": 33, "codename": "change_tradingpairs"}}, {"model": "auth.permission", "pk": 99, "fields": {"name": "Can delete tradingpairs", "content_type": 33, "codename": "delete_tradingpairs"}}, {"model": "auth.permission", "pk": 100, "fields": {"name": "Can add tradingpair", "content_type": 33, "codename": "add_tradingpair"}}, {"model": "auth.permission", "pk": 101, "fields": {"name": "Can change tradingpair", "content_type": 33, "codename": "change_tradingpair"}}, {"model": "auth.permission", "pk": 102, "fields": {"name": "Can delete tradingpair", "content_type": 33, "codename": "delete_tradingpair"}}, {"model": "auth.permission", "pk": 103, "fields": {"name": "Can add crypto currency", "content_type": 33, "codename": "add_cryptocurrency"}}, {"model": "auth.permission", "pk": 104, "fields": {"name": "Can change crypto currency", "content_type": 33, "codename": "change_cryptocurrency"}}, {"model": "auth.permission", "pk": 105, "fields": {"name": "Can delete crypto currency", "content_type": 33, "codename": "delete_cryptocurrency"}}, {"model": "auth.permission", "pk": 106, "fields": {"name": "Can add fiat", "content_type": 34, "codename": "add_fiat"}}, {"model": "auth.permission", "pk": 107, "fields": {"name": "Can change fiat", "content_type": 34, "codename": "change_fiat"}}, {"model": "auth.permission", "pk": 108, "fields": {"name": "Can delete fiat", "content_type": 34, "codename": "delete_fiat"}}, {"model": "auth.permission", "pk": 109, "fields": {"name": "Can add confirm fiat transaction", "content_type": 35, "codename": "add_confirmfiattransaction"}}, {"model": "auth.permission", "pk": 110, "fields": {"name": "Can change confirm fiat transaction", "content_type": 35, "codename": "change_confirmfiattransaction"}}, {"model": "auth.permission", "pk": 111, "fields": {"name": "Can delete confirm fiat transaction", "content_type": 35, "codename": "delete_confirmfiattransaction"}}, {"model": "auth.permission", "pk": 112, "fields": {"name": "Can add paypal account", "content_type": 36, "codename": "add_paypalaccount"}}, {"model": "auth.permission", "pk": 113, "fields": {"name": "Can change paypal account", "content_type": 36, "codename": "change_paypalaccount"}}, {"model": "auth.permission", "pk": 114, "fields": {"name": "Can delete paypal account", "content_type": 36, "codename": "delete_paypalaccount"}}, {"model": "auth.permission", "pk": 115, "fields": {"name": "Can add confirm crytpo request", "content_type": 37, "codename": "add_confirmcrytporequest"}}, {"model": "auth.permission", "pk": 116, "fields": {"name": "Can change confirm crytpo request", "content_type": 37, "codename": "change_confirmcrytporequest"}}, {"model": "auth.permission", "pk": 117, "fields": {"name": "Can delete confirm crytpo request", "content_type": 37, "codename": "delete_confirmcrytporequest"}}, {"model": "auth.permission", "pk": 118, "fields": {"name": "Can add order cover transaction", "content_type": 38, "codename": "add_ordercovertransaction"}}, {"model": "auth.permission", "pk": 119, "fields": {"name": "Can change order cover transaction", "content_type": 38, "codename": "change_ordercovertransaction"}}, {"model": "auth.permission", "pk": 120, "fields": {"name": "Can delete order cover transaction", "content_type": 38, "codename": "delete_ordercovertransaction"}}, {"model": "auth.permission", "pk": 121, "fields": {"name": "Can add wechat account", "content_type": 39, "codename": "add_wechataccount"}}, {"model": "auth.permission", "pk": 122, "fields": {"name": "Can change wechat account", "content_type": 39, "codename": "change_wechataccount"}}, {"model": "auth.permission", "pk": 123, "fields": {"name": "Can delete wechat account", "content_type": 39, "codename": "delete_wechataccount"}}, {"model": "auth.permission", "pk": 124, "fields": {"name": "Can add alipay account", "content_type": 40, "codename": "add_alipayaccount"}}, {"model": "auth.permission", "pk": 125, "fields": {"name": "Can change alipay account", "content_type": 40, "codename": "change_alipayaccount"}}, {"model": "auth.permission", "pk": 126, "fields": {"name": "Can delete alipay account", "content_type": 40, "codename": "delete_alipayaccount"}}, {"model": "auth.permission", "pk": 127, "fields": {"name": "Can add market limit", "content_type": 41, "codename": "add_marketlimit"}}, {"model": "auth.permission", "pk": 128, "fields": {"name": "Can change market limit", "content_type": 41, "codename": "change_marketlimit"}}, {"model": "auth.permission", "pk": 129, "fields": {"name": "Can delete market limit", "content_type": 41, "codename": "delete_marketlimit"}}, {"model": "authentication.user", "pk": 2, "fields": {"password": "pbkdf2_sha256$36000$TirlmuJeuHar$tWNMo4BFpMroByPnIT7SQmHcilgJ0vwaJidrcazfAOQ=", "last_login": "2019-05-26T13:34:51.563Z", "is_superuser": true, "username": "jason", "first_name": "", "last_name": "", "email": "stunningMan27@hotmail.com", "is_staff": true, "is_active": true, "date_joined": "2018-10-23T16:29:31.559Z", "phone_number": "", "agree": false, "sms_otp": false, "google_2fa": false, "google_2fa_key": null, "change_password_date": null, "kyc_verified": "not-verified", "groups": [], "user_permissions": []}}, {"model": "authentication.user", "pk": 35, "fields": {"password": "pbkdf2_sha256$36000$HCoE3XtTXmPZ$hB4EZIxXREizQyI2LuTH/rm/2zTk2QuuWGBji4ildTI=", "last_login": "2019-05-26T13:12:40.906Z", "is_superuser": false, "username": "dreamsoft27@hotmail.com", "first_name": "", "last_name": "", "email": "dreamsoft27@hotmail.com", "is_staff": false, "is_active": true, "date_joined": "2019-05-20T04:52:58Z", "phone_number": "47585455464", "agree": true, "sms_otp": false, "google_2fa": false, "google_2fa_key": null, "change_password_date": null, "kyc_verified": "verified", "groups": [], "user_permissions": []}}, {"model": "authentication.user", "pk": 36, "fields": {"password": "pbkdf2_sha256$36000$6vjX1irUI3Rk$SdeIuvpbjn0zUQQS/fD8+6ZIrXIv7MidOGUfE9ic1vc=", "last_login": "2019-05-20T13:05:00.742Z", "is_superuser": false, "username": "diablo121121@163.com", "first_name": "", "last_name": "", "email": "diablo121121@163.com", "is_staff": false, "is_active": true, "date_joined": "2019-05-20T06:10:51.776Z", "phone_number": "13698745610", "agree": true, "sms_otp": false, "google_2fa": false, "google_2fa_key": null, "change_password_date": null, "kyc_verified": "not-verified", "groups": [], "user_permissions": []}}, {"model": "authentication.user", "pk": 37, "fields": {"password": "pbkdf2_sha256$36000$emhCCjNXyXIV$df45WtvFHr1Hv2GCZRq4VVvgvtuNhVwrOCgf8kSn5DM=", "last_login": "2019-05-26T13:12:50.765Z", "is_superuser": false, "username": "bigdealer27@hotmail.com", "first_name": "", "last_name": "", "email": "bigdealer27@hotmail.com", "is_staff": false, "is_active": true, "date_joined": "2019-05-24T13:54:40.543Z", "phone_number": "46879213544", "agree": true, "sms_otp": false, "google_2fa": false, "google_2fa_key": null, "change_password_date": null, "kyc_verified": "verified", "groups": [], "user_permissions": []}}, {"model": "authentication.accesslog", "pk": 5, "fields": {"user": 2, "ip": "127.0.0.1", "device": "Chrome", "os": "Linux", "time": "2018-12-18T13:30:10.688Z"}}, {"model": "authentication.accesslog", "pk": 10, "fields": {"user": 2, "ip": "127.0.0.1", "device": "Chromium", "os": "Ubuntu", "time": "2018-12-23T14:48:15.077Z"}}, {"model": "authentication.accesslog", "pk": 40, "fields": {"user": 35, "ip": "85.203.47.166", "device": "Chrome", "os": "Windows", "time": "2019-05-20T04:52:58.453Z"}}, {"model": "authentication.accesslog", "pk": 41, "fields": {"user": 36, "ip": "123.203.29.220", "device": "Chrome", "os": "Windows", "time": "2019-05-20T06:10:52.228Z"}}, {"model": "authentication.accesslog", "pk": 42, "fields": {"user": 36, "ip": "85.203.47.166", "device": "Chrome", "os": "Windows", "time": "2019-05-20T12:59:36.457Z"}}, {"model": "authentication.accesslog", "pk": 43, "fields": {"user": 36, "ip": "127.0.0.1", "device": "Chrome", "os": "Linux", "time": "2019-05-20T13:05:00.748Z"}}, {"model": "authentication.accesslog", "pk": 44, "fields": {"user": 35, "ip": "127.0.0.1", "device": "Chrome", "os": "Linux", "time": "2019-05-24T11:05:42.873Z"}}, {"model": "authentication.accesslog", "pk": 45, "fields": {"user": 37, "ip": "127.0.0.1", "device": "Chrome", "os": "Linux", "time": "2019-05-24T13:54:47.627Z"}}, {"model": "authentication.accesslog", "pk": 46, "fields": {"user": 35, "ip": "127.0.0.1", "device": "Chromium", "os": "Ubuntu", "time": "2019-05-24T14:09:18.034Z"}}, {"model": "authentication.accesslog", "pk": 47, "fields": {"user": 37, "ip": "127.0.0.1", "device": "Chromium", "os": "Ubuntu", "time": "2019-05-26T13:12:50.771Z"}}, {"model": "authentication.previouspassword", "pk": 2, "fields": {"user": 2, "password": "pbkdf2_sha256$36000$TirlmuJeuHar$tWNMo4BFpMroByPnIT7SQmHcilgJ0vwaJidrcazfAOQ="}}, {"model": "authentication.previouspassword", "pk": 36, "fields": {"user": 35, "password": "pbkdf2_sha256$36000$HCoE3XtTXmPZ$hB4EZIxXREizQyI2LuTH/rm/2zTk2QuuWGBji4ildTI="}}, {"model": "authentication.previouspassword", "pk": 37, "fields": {"user": 36, "password": "pbkdf2_sha256$36000$6vjX1irUI3Rk$SdeIuvpbjn0zUQQS/fD8+6ZIrXIv7MidOGUfE9ic1vc="}}, {"model": "authentication.previouspassword", "pk": 38, "fields": {"user": 37, "password": "pbkdf2_sha256$36000$emhCCjNXyXIV$df45WtvFHr1Hv2GCZRq4VVvgvtuNhVwrOCgf8kSn5DM="}}, {"model": "authentication.profile", "pk": 5, "fields": {"user": 35, "full_name": "dream soft"}}, {"model": "authentication.profile", "pk": 6, "fields": {"user": 37, "full_name": "big dealer"}}, {"model": "authentication.kycupload", "pk": 8, "fields": {"user": 35, "document_type": "id", "document_number": "56357676", "front_page": "Layer_0_9VDOdua.png", "back_page": "Layer_0_ezM3vdZ.png"}}, {"model": "authentication.kycupload", "pk": 9, "fields": {"user": 37, "document_type": "id", "document_number": "3232323", "front_page": "Layer_0_8l81BYM.png", "back_page": "Layer_0_DTf4ajn.png"}}, {"model": "authentication.bankaccount", "pk": 16, "fields": {"user": 35, "bank_name": "China Bank", "account_holder_name": "dream soft", "account_number": "12323123123", "verified": false}}, {"model": "authentication.bankaccount", "pk": 17, "fields": {"user": 37, "bank_name": "China Bank", "account_holder_name": "big dealer", "account_number": "6548432164", "verified": false}}, {"model": "bitcoin_crypto.confirmfiattransaction", "pk": 21, "fields": {"amount": 110.0, "crypto_amount": 10.0, "fiat_type": "CNY", "crypto_type": "TXCH", "receive_address": "paid", "is_confirm": true, "is_cancel": false, "receiver": 37, "sender": 35, "order": 113}}, {"model": "bitcoin_crypto.confirmfiattransaction", "pk": 22, "fields": {"amount": 150.0, "crypto_amount": 10.0, "fiat_type": "CNY", "crypto_type": "TXCH", "receive_address": "fff", "is_confirm": true, "is_cancel": false, "receiver": 35, "sender": 37, "order": 114}}, {"model": "bitcoin_crypto.confirmfiattransaction", "pk": 23, "fields": {"amount": 130.0, "crypto_amount": 13.0, "fiat_type": "CNY", "crypto_type": "TXCH", "receive_address": "paid", "is_confirm": true, "is_cancel": false, "receiver": 35, "sender": 37, "order": 115}}, {"model": "bitcoin_crypto.notificationuser", "pk": 1, "fields": {"user": 2, "notification": 1, "is_readed": true, "is_pending_notification": false}}, {"model": "bitcoin_crypto.notificationuser", "pk": 2, "fields": {"user": 2, "notification": 2, "is_readed": true, "is_pending_notification": false}}, {"model": "bitcoin_crypto.notificationuser", "pk": 4, "fields": {"user": 2, "notification": 4, "is_readed": true, "is_pending_notification": false}}, {"model": "bitcoin_crypto.notificationuser", "pk": 7, "fields": {"user": 2, "notification": 7, "is_readed": true, "is_pending_notification": false}}, {"model": "bitcoin_crypto.notificationuser", "pk": 9, "fields": {"user": 2, "notification": 9, "is_readed": true, "is_pending_notification": false}}, {"model": "bitcoin_crypto.notificationuser", "pk": 11, "fields": {"user": 2, "notification": 11, "is_readed": true, "is_pending_notification": false}}, {"model": "bitcoin_crypto.notificationuser", "pk": 12, "fields": {"user": 35, "notification": 12, "is_readed": true, "is_pending_notification": false}}, {"model": "bitcoin_crypto.notificationuser", "pk": 13, "fields": {"user": 2, "notification": 13, "is_readed": true, "is_pending_notification": false}}, {"model": "bitcoin_crypto.notificationuser", "pk": 14, "fields": {"user": 37, "notification": 14, "is_readed": true, "is_pending_notification": false}}, {"model": "bitcoin_crypto.notificationuser", "pk": 15, "fields": {"user": 35, "notification": 15, "is_readed": true, "is_pending_notification": false}}, {"model": "bitcoin_crypto.notificationuser", "pk": 16, "fields": {"user": 37, "notification": 16, "is_readed": true, "is_pending_notification": false}}, {"model": "bitcoin_crypto.notificationuser", "pk": 17, "fields": {"user": 37, "notification": 17, "is_readed": true, "is_pending_notification": false}}, {"model": "bitcoin_crypto.orderbook", "pk": 113, "fields": {"user": 37, "exchange_form": "TXCH", "exchange_to": "CNY", "amount": 22.0, "price": 11.0, "limit": 0.0, "is_otc": "1", "order_type": "1", "order_mode": "1", "order_time": "2019-05-26T09:53:52.513Z", "trade_status": true, "coins_covered": 10.0, "trading_fee": 0.0, "canceled": true, "maker": false}}, {"model": "bitcoin_crypto.orderbook", "pk": 114, "fields": {"user": 35, "exchange_form": "TXCH", "exchange_to": "CNY", "amount": 20.0, "price": 15.0, "limit": 0.0, "is_otc": "1", "order_type": "1", "order_mode": "1", "order_time": "2019-05-26T10:16:41.189Z", "trade_status": true, "coins_covered": 10.0, "trading_fee": 0.0, "canceled": true, "maker": false}}, {"model": "bitcoin_crypto.orderbook", "pk": 115, "fields": {"user": 35, "exchange_form": "TXCH", "exchange_to": "CNY", "amount": 13.0, "price": 10.0, "limit": 0.0, "is_otc": "1", "order_type": "1", "order_mode": "1", "order_time": "2019-05-26T10:37:02.341Z", "trade_status": false, "coins_covered": 13.0, "trading_fee": 0.0, "canceled": false, "maker": false}}, {"model": "bitcoin_crypto.sgdwallet", "pk": 34, "fields": {"user": 35, "amount": 0.0}}, {"model": "bitcoin_crypto.sgdwallet", "pk": 35, "fields": {"user": 36, "amount": 0.0}}, {"model": "bitcoin_crypto.sgdwallet", "pk": 36, "fields": {"user": 37, "amount": 0.0}}, {"model": "bitcoin_crypto.transaction", "pk": 5, "fields": {"user": 35, "amount": "20", "balance": "80.00000000", "currency": "TXCH", "transaction_id": "move", "transaction_to": "GNV7dg8jGQH4quLnYZPqGSrrkJqqbVBgmt", "transaction_type": "withdrawal", "pending": false, "invalid": false, "rejected": false, "transaction_fee": "0", "mining_fee": "0", "date": "2019-05-24T21:35:53.912Z"}}, {"model": "bitcoin_crypto.transaction", "pk": 6, "fields": {"user": 37, "amount": "25", "balance": "35.00000000", "currency": "TXCH", "transaction_id": "move", "transaction_to": "GWWCyTebPA4DddtcLLcXyPgsokMN8BQQxv", "transaction_type": "withdrawal", "pending": false, "invalid": false, "rejected": false, "transaction_fee": "0", "mining_fee": "0", "date": "2019-05-26T04:02:57.223Z"}}, {"model": "bitcoin_crypto.transaction", "pk": 7, "fields": {"user": 37, "amount": "23", "balance": "10.00000000", "currency": "TXCH", "transaction_id": "move", "transaction_to": "GR5ruAfLAnnK9pSmZcw6ZXEbKJgFoUJCTk", "transaction_type": "withdrawal", "pending": false, "invalid": false, "rejected": false, "transaction_fee": "0", "mining_fee": "0", "date": "2019-05-26T10:05:39.468Z"}}, {"model": "bitcoin_crypto.wallet", "pk": 16, "fields": {"user": 2, "name": "BTC", "private": "", "public": "", "words": "", "addresses": [16]}}, {"model": "bitcoin_crypto.wallet", "pk": 17, "fields": {"user": 2, "name": "TXCH", "private": "", "public": "", "words": "", "addresses": [17]}}, {"model": "bitcoin_crypto.wallet", "pk": 24, "fields": {"user": 36, "name": "BTC", "private": "", "public": "", "words": "", "addresses": [24]}}, {"model": "bitcoin_crypto.wallet", "pk": 25, "fields": {"user": 36, "name": "TXCH", "private": "", "public": "", "words": "", "addresses": [25]}}, {"model": "bitcoin_crypto.wallet", "pk": 26, "fields": {"user": 35, "name": "BTC", "private": "", "public": "", "words": "", "addresses": [26]}}, {"model": "bitcoin_crypto.wallet", "pk": 27, "fields": {"user": 35, "name": "TXCH", "private": "", "public": "", "words": "", "addresses": [27]}}, {"model": "bitcoin_crypto.wallet", "pk": 28, "fields": {"user": 37, "name": "BTC", "private": "", "public": "", "words": "", "addresses": [28]}}, {"model": "bitcoin_crypto.wallet", "pk": 29, "fields": {"user": 37, "name": "TXCH", "private": "", "public": "", "words": "", "addresses": [29]}}, {"model": "admin.logentry", "pk": 1, "fields": {"action_time": "2018-10-24T03:12:58.074Z", "user": 2, "content_type": 22, "object_id": "1", "object_repr": "bigdealer27@hotmail.com", "action_flag": 2, "change_message": "[{\"changed\": {\"fields\": [\"kyc_verified\"]}}]"}}, {"model": "admin.logentry", "pk": 2, "fields": {"action_time": "2018-10-24T03:13:01.211Z", "user": 2, "content_type": 25, "object_id": "1", "object_repr": "AddressProof object", "action_flag": 2, "change_message": "[]"}}, {"model": "admin.logentry", "pk": 3, "fields": {"action_time": "2018-10-24T16:36:13.151Z", "user": 2, "content_type": 33, "object_id": "1", "object_repr": "TXCH/EUR", "action_flag": 1, "change_message": "[{\"added\": {}}]"}}, {"model": "admin.logentry", "pk": 4, "fields": {"action_time": "2018-10-24T16:46:58.155Z", "user": 2, "content_type": 33, "object_id": "2", "object_repr": "TXCH/USD", "action_flag": 1, "change_message": "[{\"added\": {}}]"}}, {"model": "admin.logentry", "pk": 5, "fields": {"action_time": "2018-10-24T16:47:11.507Z", "user": 2, "content_type": 33, "object_id": "3", "object_repr": "TXCH/CNY", "action_flag": 1, "change_message": "[{\"added\": {}}]"}}, {"model": "admin.logentry", "pk": 6, "fields": {"action_time": "2018-10-30T03:54:05.241Z", "user": 2, "content_type": 33, "object_id": "4", "object_repr": "CNY/TXCH", "action_flag": 1, "change_message": "[{\"added\": {}}]"}}, {"model": "admin.logentry", "pk": 7, "fields": {"action_time": "2018-10-30T03:54:13.532Z", "user": 2, "content_type": 33, "object_id": "5", "object_repr": "USD/TXCH", "action_flag": 1, "change_message": "[{\"added\": {}}]"}}, {"model": "admin.logentry", "pk": 8, "fields": {"action_time": "2018-12-17T10:13:13.573Z", "user": 2, "content_type": 22, "object_id": "3", "object_repr": "toplancer@reliwares.com", "action_flag": 2, "change_message": "[{\"changed\": {\"fields\": [\"kyc_verified\"]}}]"}}, {"model": "admin.logentry", "pk": 9, "fields": {"action_time": "2019-01-02T18:05:02.630Z", "user": 2, "content_type": 22, "object_id": "4", "object_repr": "atsashiwork@hotmail.com", "action_flag": 3, "change_message": ""}}, {"model": "admin.logentry", "pk": 10, "fields": {"action_time": "2019-01-02T18:19:30.188Z", "user": 2, "content_type": 22, "object_id": "7", "object_repr": "dreamsoft27@hotmail.com", "action_flag": 3, "change_message": ""}}, {"model": "admin.logentry", "pk": 11, "fields": {"action_time": "2019-01-02T18:19:30.190Z", "user": 2, "content_type": 22, "object_id": "6", "object_repr": "amazingguru27@hotmail.com", "action_flag": 3, "change_message": ""}}, {"model": "admin.logentry", "pk": 12, "fields": {"action_time": "2019-01-03T01:55:09.597Z", "user": 2, "content_type": 22, "object_id": "8", "object_repr": "dreamsoft27@hotmail.com", "action_flag": 3, "change_message": ""}}, {"model": "admin.logentry", "pk": 13, "fields": {"action_time": "2019-01-03T03:45:55.410Z", "user": 2, "content_type": 22, "object_id": "9", "object_repr": "dreamsoft27@hotmail.com", "action_flag": 3, "change_message": ""}}, {"model": "admin.logentry", "pk": 14, "fields": {"action_time": "2019-01-03T03:45:55.424Z", "user": 2, "content_type": 22, "object_id": "5", "object_repr": "ares2018@protonmail.com", "action_flag": 3, "change_message": ""}}, {"model": "admin.logentry", "pk": 15, "fields": {"action_time": "2019-03-05T13:09:26.657Z", "user": 2, "content_type": 22, "object_id": "14", "object_repr": "codemaker1125@outlook.com", "action_flag": 3, "change_message": ""}}, {"model": "admin.logentry", "pk": 16, "fields": {"action_time": "2019-03-05T13:09:26.659Z", "user": 2, "content_type": 22, "object_id": "13", "object_repr": "avantica777@hotmail.com", "action_flag": 3, "change_message": ""}}, {"model": "admin.logentry", "pk": 17, "fields": {"action_time": "2019-03-05T13:09:26.661Z", "user": 2, "content_type": 22, "object_id": "10", "object_repr": "k100cool@outlook.com", "action_flag": 3, "change_message": ""}}, {"model": "admin.logentry", "pk": 18, "fields": {"action_time": "2019-03-05T13:20:09.651Z", "user": 2, "content_type": 22, "object_id": "15", "object_repr": "k100cool@outlook.com", "action_flag": 3, "change_message": ""}}, {"model": "admin.logentry", "pk": 19, "fields": {"action_time": "2019-04-24T04:14:47.959Z", "user": 2, "content_type": 22, "object_id": "18", "object_repr": "test@email.com", "action_flag": 3, "change_message": ""}}, {"model": "admin.logentry", "pk": 20, "fields": {"action_time": "2019-04-24T04:14:47.962Z", "user": 2, "content_type": 22, "object_id": "17", "object_repr": "mladenwizard27@hotmail.com", "action_flag": 3, "change_message": ""}}, {"model": "admin.logentry", "pk": 21, "fields": {"action_time": "2019-05-02T02:47:00.613Z", "user": 2, "content_type": 22, "object_id": "19", "object_repr": "mladenwizard27@hotmail.com", "action_flag": 3, "change_message": ""}}, {"model": "admin.logentry", "pk": 22, "fields": {"action_time": "2019-05-02T02:47:00.648Z", "user": 2, "content_type": 22, "object_id": "16", "object_repr": "k100cool@outlook.com", "action_flag": 3, "change_message": ""}}, {"model": "admin.logentry", "pk": 23, "fields": {"action_time": "2019-05-02T02:47:00.651Z", "user": 2, "content_type": 22, "object_id": "3", "object_repr": "toplancer@reliwares.com", "action_flag": 3, "change_message": ""}}, {"model": "admin.logentry", "pk": 24, "fields": {"action_time": "2019-05-02T02:47:00.653Z", "user": 2, "content_type": 22, "object_id": "1", "object_repr": "bigdealer27@hotmail.com", "action_flag": 3, "change_message": ""}}, {"model": "admin.logentry", "pk": 25, "fields": {"action_time": "2019-05-13T04:27:46.981Z", "user": 2, "content_type": 22, "object_id": "21", "object_repr": "bigdealer27@hotmail.com", "action_flag": 3, "change_message": ""}}, {"model": "admin.logentry", "pk": 26, "fields": {"action_time": "2019-05-13T04:31:30.427Z", "user": 2, "content_type": 22, "object_id": "22", "object_repr": "bigdealer27@hotmail.com", "action_flag": 3, "change_message": ""}}, {"model": "admin.logentry", "pk": 27, "fields": {"action_time": "2019-05-13T04:42:01.683Z", "user": 2, "content_type": 22, "object_id": "23", "object_repr": "bigdealer27@hotmail.com", "action_flag": 3, "change_message": ""}}, {"model": "admin.logentry", "pk": 28, "fields": {"action_time": "2019-05-14T02:17:42.062Z", "user": 2, "content_type": 22, "object_id": "24", "object_repr": "bigdealer27@hotmail.com", "action_flag": 3, "change_message": ""}}, {"model": "admin.logentry", "pk": 29, "fields": {"action_time": "2019-05-14T02:22:00.219Z", "user": 2, "content_type": 22, "object_id": "25", "object_repr": "dreamsoft27@hotmail.com", "action_flag": 3, "change_message": ""}}, {"model": "admin.logentry", "pk": 30, "fields": {"action_time": "2019-05-14T04:16:57.411Z", "user": 2, "content_type": 22, "object_id": "20", "object_repr": "mladenwizard27@hotmail.com", "action_flag": 2, "change_message": "[{\"changed\": {\"fields\": [\"kyc_verified\"]}}]"}}, {"model": "admin.logentry", "pk": 31, "fields": {"action_time": "2019-05-14T06:05:04.879Z", "user": 2, "content_type": 22, "object_id": "20", "object_repr": "mladenwizard27@hotmail.com", "action_flag": 2, "change_message": "[{\"changed\": {\"fields\": [\"kyc_verified\"]}}]"}}, {"model": "admin.logentry", "pk": 32, "fields": {"action_time": "2019-05-14T06:14:05.523Z", "user": 2, "content_type": 22, "object_id": "26", "object_repr": "dreamsoft27@hotmail.com", "action_flag": 2, "change_message": "[{\"changed\": {\"fields\": [\"kyc_verified\"]}}]"}}, {"model": "admin.logentry", "pk": 33, "fields": {"action_time": "2019-05-20T04:52:27.295Z", "user": 2, "content_type": 22, "object_id": "34", "object_repr": "1310095302@qq.com", "action_flag": 3, "change_message": ""}}, {"model": "admin.logentry", "pk": 34, "fields": {"action_time": "2019-05-20T04:52:27.298Z", "user": 2, "content_type": 22, "object_id": "33", "object_repr": "bigdealer27@hotmail.com", "action_flag": 3, "change_message": ""}}, {"model": "admin.logentry", "pk": 35, "fields": {"action_time": "2019-05-20T04:52:27.300Z", "user": 2, "content_type": 22, "object_id": "32", "object_repr": "diablo121121@163.com", "action_flag": 3, "change_message": ""}}, {"model": "admin.logentry", "pk": 36, "fields": {"action_time": "2019-05-20T04:52:27.302Z", "user": 2, "content_type": 22, "object_id": "31", "object_repr": "ygh03614301@163.com", "action_flag": 3, "change_message": ""}}, {"model": "admin.logentry", "pk": 37, "fields": {"action_time": "2019-05-20T04:52:27.304Z", "user": 2, "content_type": 22, "object_id": "30", "object_repr": "695782158@qq.com", "action_flag": 3, "change_message": ""}}, {"model": "admin.logentry", "pk": 38, "fields": {"action_time": "2019-05-20T04:52:27.306Z", "user": 2, "content_type": 22, "object_id": "29", "object_repr": "821372486@qq.com", "action_flag": 3, "change_message": ""}}, {"model": "admin.logentry", "pk": 39, "fields": {"action_time": "2019-05-20T04:52:27.308Z", "user": 2, "content_type": 22, "object_id": "28", "object_repr": "841918588@qq.com", "action_flag": 3, "change_message": ""}}, {"model": "admin.logentry", "pk": 40, "fields": {"action_time": "2019-05-20T04:52:27.310Z", "user": 2, "content_type": 22, "object_id": "27", "object_repr": "13148839113@163.com", "action_flag": 3, "change_message": ""}}, {"model": "admin.logentry", "pk": 41, "fields": {"action_time": "2019-05-20T04:52:27.312Z", "user": 2, "content_type": 22, "object_id": "26", "object_repr": "dreamsoft27@hotmail.com", "action_flag": 3, "change_message": ""}}, {"model": "admin.logentry", "pk": 42, "fields": {"action_time": "2019-05-20T04:52:27.314Z", "user": 2, "content_type": 22, "object_id": "20", "object_repr": "mladenwizard27@hotmail.com", "action_flag": 3, "change_message": ""}}, {"model": "admin.logentry", "pk": 43, "fields": {"action_time": "2019-05-24T11:18:02.611Z", "user": 2, "content_type": 22, "object_id": "35", "object_repr": "dreamsoft27@hotmail.com", "action_flag": 2, "change_message": "[{\"changed\": {\"fields\": [\"kyc_verified\"]}}]"}}, {"model": "admin.logentry", "pk": 44, "fields": {"action_time": "2019-05-24T13:43:39.143Z", "user": 2, "content_type": 22, "object_id": "35", "object_repr": "dreamsoft27@hotmail.com", "action_flag": 2, "change_message": "[{\"changed\": {\"fields\": [\"kyc_verified\"]}}]"}}]